completion	verbs
angeklagt hat, ein Wiederholungstäter sei, falsch ist.	3
angemault hat, schwul ist, das Verhalten des Kunden entschuldigt.	3
angesprochen hat, gezeigt hat, nicht angebracht ist.	3
auszeichnen will, diese Auszeichnung nicht annehmen darf, berechtigt sei.	3
belästigt haben soll, keinen Sinn macht.	2
beobachtet hat, gar nicht so heroisch ist, verneint wurde.	3
festgenommen hat, ihn attackiert hat, bestätigt wurde.	3
nicht mag, korrupt ist, nachvollziehbar ist.	3
umgeschubst hat, im Weg war und selber Schuld ist, zutrifft.	3
unterstützt, Banken sicherer machen soll, absolut nutzlos sei.	3
vergewaltigt hat, lügt, wahr ist.	3
angeklagt hat, dass Geld zurück zuzahlen, unberechtigt war.	3
beauftragt hat nicht erscheinen würde	2
beauftragt hat sich an den gesteigerten Umsatzzahlen zeigt	2
beklaut hat von allen anerkannt wird	2
beschattet hat, der kompletten Wahrheit entspricht 	2
beschrieben hat, falsch ist. 	2
bestochen hat der Skandals des Jahres ist	2
bestohlen hat, keine Klage einreichen wird.	2
des Verbrechen bezichtigt hat falsch ist	2
ermordet hat, mein Lieblingsschauspieler war.	2
erwischt hat beim falschen Beurteilen der Schüler, Konsequenzen haben wird.	2
für untauglich erklärt hat trotzdem gewonnen hat gegen den Psychiater spricht	3
gefangen hat Aussicht auf Erfolg hat	2
geholfen hat bei der Geldwäsche, nichtig ist.	2
haben möchte, wirklich so gelaufen ist. 	2
herbei gewunken hat betrunken gewesen sein soll vom Richter akzeptiert wurde	3
identifiziert hat, mit anderen zusammen gearbeitet hat, korrekt ist.	3
informiert hat, falsch sind.	2
interviewt hat, seine Familie umgebracht haben soll, so nicht stimmen kann.	3
kennt, der Wahrheit entspricht. 	2
kennt, völlig bestandlos ist. 	2
mag, vielleicht doch kein unanständiger Mann ist. 	2
misstraut, finalisiert wurde.	2
sein könnte, überlegt er einen Vaterschaftstest zu fordern. 	2
sich kennen einen wichtigen Unterschied macht	2
traf, ein Krimineller ist, falsch ist.	3
umgebracht hat, fallen gelassen wird.	2
unterstützt, ein Betrüger ist.	2
vertraut hat, ein heuchler ist.	2
vertraut, vollkommen sinnlos ist. 	2
vorgeschlagen hat, korrupt sein könnte. 	2
vorgeschlagen hat, vollkommen absurd ist. 	2
vorgezeigt hat, mit dem Beleg in den Unterlagen, übereinstimmt. 	2
zu einer Familie gehören eine wesentliche Rolle gespielt haben	2
zum Weinen gebracht hat, eine Lüge war	2
als Geisel nahm, eine neue war.	2
am Flughafen festgenommen hat, in Wirklichkeit selber für den Geheimdienst arbeitet.	2
angerufen hat, vom Dach gefallen ist, inkorrekt sei.	3
angezeigt hatte, einen Kunstfehler gemacht hat, wohl kaum ausreichend sein dürfte.	3
angezeigt hatte, wohl wohl nicht in Übereinstimmung miteinander sind. 	2
anklagte, 	1
auf Inkonsistenzen in seiner Predigt hingewiesen hat, zur Maßriegelung dieser Person eine gute Idee ist.	2
auf frischer Tat erwischt hat, auch an vorherigen Straftaten beteiligt gewesen war.	2
aus Versehen mit Kaffee überschüttet hatte, dies als Grund sehen könnte diesen zu entlassen.	2
ausgeraubt hatte, nicht vor Gericht erscheinen muss, gestern erst gefällt wurde.	3
ausraubte, in einem See ertrank, super sei.	3
beauftragt hatte, auch ohne ein Photo eine Statue von ihr anfertigen könne, reiner Unsinn sei.	3
beauftragt hatte, ein Hochstapler sei, der Wahrheit entspräche.	3
beauftragt hatte, nur heiße Luft von sich gäbe, wohl zutreffend wäre.	3
beauftragt hatte, schon mehrfach Ergebnisse verfälscht hatte, wirklich etwas neues sei.	3
beauftragt hatte, sein Werk nicht der Öffentlichkeit zu zeigen, sehr schade sei.	3
behandelt, nur 5km laufen wird, nicht stimmt.	3
beklaute, an sein Fenster klebte, wirklich etwas bringen würde.	3
beklaute, nichtig ist.	2
beobachtet hatte, mit Büromaterialien rücksichtslos umgegangen sein soll, wohl zutreffend sei. 	3
beschattet hatte, bald einen Anschlag durchführen würde, sich in Luft aufgelöst hatte.	3
bestach, 	1
bestahl, schon davor zahlungsunfähig war, wirklich traurig für sie sei. 	3
bestellte, ein Scharlatan ist, doof sei.	3
bestellte, nachweislich log, schlicht nicht der Wahrheit entspreche.	3
bestochen hatte, nicht mehr im Amt ist, eine große Neuigkeit sei.	3
betrunken war, etwas erfunden hatte, schlicht falsch sei.	3
bewundert, tatsächlich nicht so viel Gutes tut, Unsinn ist.	3
bezahlte, Pleite ist, nicht stimmte.	3
der Lüge bezichtigt hatte, wohl unzutreffend sei.	2
eindeutig identifizierte, mehrere Stunden Sozialarbeit leisten sollte, eine viel zu geringe Strafe darstellte.	3
eingestellt hat, vom Lager gestohlen habe, korrekt ist.	3
eingestellt hatte, die endgültige Entscheidung trifft, Sinn ergibt.	3
erschoss, gestohlen wurde.	2
ersetzen sollte, keine große Lust daran hatte, stellte sich als falsch heraus.	3
erst letzte Woche würdigte, Drogen nehme, an den Haaren herbeigezogen sein soll. 	3
ertappt hat, Geld gefälscht habe, niemals geglaubt werde.	3
gebeten hatten zu spielen, nicht sehr gut war, unbegründet sei.	3
gebraucht hat, zeigte, Gefahr bedeutet.	3
gefangen genommen hat, verletzt sei, wahr ist.	3
geheiratet hat, betrügt, stimmt.	3
geküsst hat, eine Ehefrau hat, sehr schrecklich ist.	3
gerettet hat, blaue Augen hat, gelogen ist.	3
geschlagen hat, reich sei, stimme.	3
gesehen hat, mit seiner Hand gegeben hat, ein Daumen nach oben war.	3
gestern festgenommen hat, einen Raubüberfall tätigte, richtig war.	3
gestern gesehen hat, 1000 Euro haben wollte.	2
gestern nach Hause geschickt hatte, geweint hatte, falsch war.	3
getroffen hatte, eine Affäre hatte, Unsinn ist.	3
gewaltsam behandelt hat, eine falsche Anklage gemacht hat, Unsinn ist.	3
gezeichnet hat, traurig sei, korrekt ist.	3
hervorbrach, nicht gut spielen kann, warh ist.	3
hinter Gittern bringen wollte, dies auch mit anderen Frauen gemacht hatte, zur Verurteilung beigetragen hat.	3
im Raubtiierkäfig gefunden haben soll, in Wirklichkeit eine Ente der lokalen Zeitung ist und bald korrigiert wird. 	2
ins Geschäft einbeziehen wollte, unzuverlässig war, der Grund für den Zusammenbruch des Arbeitsverhältnisses war.	3
inspiriert hatte, ein Talent für ausgefallene Werbekampagnen habe, revolutionär sei.  	3
interviewte, abgeschoben werden sollte, noch nicht sicher ist.	3
ironischerweise tod bergen musste, der Wahrheit entsprechen. 	2
kauften, nicht spielen konnte, überholt sei.	3
kleinzureden versuchte, zu irgendeinem brauchbarem Ergebnis führen wird.	2
kritisch erwähnte, korrupt sei, wohl leider den Tatsachen entspreche. 	3
küsste, der Mathe studierte, falsch sei.	3
letztes Jahr geheiratet hatte, eine Affäre hat, schon lange eine Vermutung gewesen sei.	3
loswerden wollten, in ein anderes Ensemble wechselt, vom Vorsitzenden des Musikvereins gebilligt wurde.	3
mit einer Waffe bedroht hatte, erfolgreich war.	2
nach Spenden gefragt hatte, zu geizig dafür ist, tatsächlich falsch war.	3
nicht identifizieren konnte, noch einmal in derselben Stadt zuschlägt, eintreffen wird. 	3
nicht kannte, sofort wieder in der Menge untergetaucht ist, kein Gutes gewesen sei.	3
nicht leiden konnte, unfreundlich sei, wirklich eine Überraschung darstellt. 	3
sah, schneller als ein Tiger rennen kann, korrekt ist.	3
schon mehrfach unterstützt hatten, nur noch gewisse Stücke spielen sollte, große Empörung ausgelöst hatte.	3
schon von einer vorangegangenen Urlaubsreise kannte, etwas Böses im Schilde führt, zutreffend sein kann. 	3
um den Weg gefragt hatte, ihn absichtlich in die falsche Richtung geschickt hatte, auch nur irgendwie standhaft wäre.	3
umgebracht hat, fallen gelassen wird. 	2
unterstützen wollte, dies aus Scham nicht annehmen wollte, wohl nicht ganz der Wahrheit entspricht.	3
vergewaltigte, grün war, etwas mit der Sache zu tun hat.	3
verklagen möchte, schlecht gehandelt hat, wirklich angebracht ist.	3
verklagt hat, tatsächlich schlecht gehandelt hat, überraschend ist.	3
verletzte, deutsch ist, von Bedeutung wäre	3
versucht hat ihm aufzuzwingen, tatsächlich in seinem Hirn verankert wurde.	2
vor der Kirche sah, freundlich sei, stimme.	3
warb, jünger als 18 Jahre alt ist.	2
wegen Zuspätkommens abgemahnt hat, nicht wahrheitsgemäß geschrieben wurde.	3
wegen falscher Behandlung verklagt hat, einen großen Fehler gemacht hat, der Wahrheit entspricht.	3
zu einer Pause geraten hatte, ansonsten den Marathon gewonnen hätte, von vielen Menschen geteilt wurde.	3
zurechtgewiesen hatte, dies wirklich getan hatte, berechtigt war.	3
zuvor beobachtet hatte, selbst verantwortlich war, dass die Tat so geschah, leider von vielen Leuten eine große Zustimmung erfährt. 	3
zuvor persönlich angegriffen hatte, nicht mehr an dem Film mitwirken wolle, übereilt sei. 	3
öffentlich niedermachte, schlecht ist, überzeugend ist.	3
überwachte, ins Gefägnis soll, vom Gericht stattgegeben wurde.	3
-Fotograf beim Drogenkonsum fotografiert hat, nicht in den Entzug geht, für ihn fragwürdig ist.	3
-Regisseur für die Hauptrolle ausgewählt hatte, gerechtfertigt war. 	2
Geige spielen hören wollten, ihm die Geige wegzunehmen, eine gute Entscheidung war.	2
abwerben wollte, mit dem Kunden verwandt ist, wahr ist.	3
als Beispiel nannte, vom Ueberlebenstraining erzaehlt hatte ungueltig ist.	3
als Fälscher überführte,trotzdem ein sehr guter Bildhauer war, nichts mit dem Fall zutun hat.	3
als Satanisten beschuldigt,wirklich ein Zeichen des Satanismus ist.	2
als depressiv diagnostiziert hatte und deshalb vom Rennen auszuschließen sei,   gerecht sei	2
als ein Sadist beschuldigte, auch würklich einer sei, viel zu spät an die Öffentlichkeit gelang.	3
als gewalttätig beschuldigt und der deswegen gefeuert wurde, die richtige Entscheidung war.	2
als korrupt betitelt, auch noch Steuern hinterzieht, sehr populär ist.	3
als nicht mental befähigt eingestuft hatte, zu heftig war.	2
als seine erste Wahl bezeichnete, nicht die besten Preise hat, überraschte mich. 	3
als unhöflich beschreibt, wahr ist.	2
am liebsten mochte, eigentlich unglaublich faul war, ihn besonders ärgerte.	3
an die Laterne gefesselt hat, für den Einbruch verantwortlich sei, sich bestätigt hat. 	3
angegriffen hat, Rache will, wahr ist.	3
angegriffen hat, in Ohnmacht gefallen ist, falsch ist.	3
angegriffen hat, zurückgeschlagen hat, falsch ist.	3
angegriffen hat, zurückgeschlagen ist, nicht wichtig ist.	3
angeheuert hat, nicht sonderlich gut ist, absolut wahr ist.	3
angeklagt hatte, schuldig sei, praktischerweise verloren gegangen ist.	3
angerufen hat, er solle sich einen neuen Posten suchen, nicht erfolgreich war. 	2
angespuckt hat, ihn umgebracht hat, wichtig ist.	3
angezeigt hat, gerechtfertigt ist.	2
angezeigt hat, seine Tat nicht bereut, für Aufruhr im Gerichtssaal sorgte. 	3
angezeigt hatte, die Schuld trägt, erst so spät hätte aufkommen sollen.	3
anheuerte, kein italienisch spricht, äußerst unpraktisch sei.	3
anrufen sollte nicht rangehen würde, falsch war.	3
anschrie, sich souverän verhielt, korrekt ist.	3
anzeigt, kein echter Taxifahrer war, leider begründet ist. 	3
anzeigte, sich entschuldigen soll, von seinem Chef ausging.	3
anzeigte, wegen sexuellen Übergriffen, einfach an ihm abperlte. 	3
auf Schadensersatz verklagte, bereits zweimal vor Gericht stand, sich strafverschärfend auf das jetzige Urteil auswirken würde. 	3
auf dem Überwachungsvideo erkannte, eigentlich ein ganz netter Typ sei, völlig unbegründet getätigt wurde.	3
auf der vollen Straße angehalten hatte, sehr genervt war, total verständlich war.	3
auf die Bühne geholt hat, schon seit mehreren Jahren dem Circus angehört, faslch sei.	3
auf frischer Tat ertappt hatte, gefälscht war.	2
auf frischer Tat ertappt hatte, voller Reue sei, darauf hinweisen würde, dass der Betrüger seine Tat nicht wiederholen würde.	3
auf frischer Tat ertappte, seit Jahren fremdgegangen ist, sehr schmerzhaft sein muss.	3
auf seinem Ruecken hatte, in den Spiegel gemalt hatte den Regen ueberstanden hat.	3
aufgrund seiner letzten Predigt kritisiert hatte, untauglich ist, Hand und Fuß hat.	3
aus dem Feuer geretten hatte, nicht dankbar wäre, richtig ist.	3
aus dem brennenden Haus trug, die lebensrettende Transplantation nicht erhalten sollte, heftig umstritten war.	3
aus der Vorlesung geworfen hat, falsch ist.	2
ausgeraubt hat, selbst der Täter war, gar nicht so dumm sei.	3
ausgewählt hat, ein Islamist ist, wahr ist.	3
ausgewählt hat, nicht nett ist, überraschend war.	3
ausgezeichnet hatte, ein Betrüger sei, einen guten Grund hat.	3
ausraubte, vollständige Kompensation von der Versicherung erhalten soll, eine viel geteilte Überzeugung sei.	3
auswählte, nicht bei allen gleich war.	2
beaufsichtigt hat, bei der Prüfung geschummelt hat, viele Menschen teilen.	3
beauftragt hat, kein echtes Zeichen ist.	2
beauftragt hat, seine Waren bereits geliefert hat, verschwunden sei. 	3
beauftragt hatte, dass man keine Plakate aufstellen darf, Blödsinn ist.	3
beauftragte, für diesen Job ungeeignet ist, richtig war. 	3
befoerdert hat, skandaloes ist.	2
befragt hatte, unschuldig sei, gefälscht wurde. 	3
bei der Polizei angezeigt hatte, tatsächlich in sie verliebt war, wieder zeigt, wie unglaublich romantisch ich bin.	3
beim Brandanschlag erwischt hatte, wirklich ein Nazi sei, sie wütend macht.	3
beim Ministerium angeschwärzt hatte, Schulgelder veruntreute, tatsächlich der Wahrheit entsprach.	3
beim Retten des Kindes beobachtet hat, ein 15 Jähriges Mädchen war, sehr überraschend war.	3
beim einbrechen erwischt hatte, gerechtfertigt ist.	2
beim letzten Konzert gesehen hatte, sein Instrument immer zu laut übe, wirklich bescheuert ist.  Annmerkung: Diese Sätze machen sehr wenig Sinn und sind absolut undeutsch.	3
beim rauchen eriwscht hatte, nicht rechtens sei.	2
beim spicken erwischt hatte, keine Unterhose trug, wahr ist.	3
beklaut haben soll, durchaus gerechtfertigt und nicht aus bloßem Selbstverteidigungsreflex gesät worden sei. 	2
beklaut hat, mit dem Dieb unter einer Decke stecke, auf der Wahrheit basiert.	3
beklaute, sehr übertrieben hat, berechtigt ist.	3
beleidigt hat, so unglaublich doof ist, wahr ist.	3
belästigt hatte, einen kurzen Rock trug, zu der Straftat geführt hatte.	3
bemalt hatte, sich entschuldigen sollte.	2
beobachtet hatte, wirklich eine Straftat begangen hatte, wahr war.	3
bereits beobachtete, endlich das Geld überreichen sollte, mit besonderem Nachdruck geschah.	3
beschrieb, mehrere Menschen umgebracht hat, ein großer Fortschritt für die Ermittlungen war.	3
bestochen hat, ungerechtfertigt war.	2
bestochen hatte, für unschuldig erklärt wurde, Hohn sei.	3
bestohlen hat, eindeutig den Dieb erkannt hat, nun in die Zentrale eingegangen ist.	3
bestohlen hatte, alle Bücher zunächst selbst ersetzen muss, nun doch rückgängig gemacht wurde.	3
betreut hat, nie wieder an einem Marathon teilnehmen wird, übertrieben ist.	3
betreut, Drogen nimmt, könnte ihn seine Titel kosten.	3
böse anguckte, sich in die Hose gemacht hat, nicht gerechtfertigt ist.	3
der Korruption bezichtigte, für seine Taten gerade stehen würde, sich als falsch herausstellen wird. 	3
durch alle Prüfungen durchgemogelt hat, einen gefälschten Abschluss hat,  skandalös sei.	3
durch die Klausur hat fallen lassen, betrogen habe, Bestand hat.	3
eben tötete, eigentlich unschuldig ist, nicht ganz unwichtig sei.	3
eingeladen hat, glaubwuerdige Argumente vorbringt.	2
eingeladen hat, wirklich weiss um was es geht. 	2
einstellte, doch nicht geeignet war, berechtigt ist.	3
empfohlen hat, die Ware erhalten hat, bereits entgegengenommen wurde.	3
empfohlen hat, in dem neuen Film spielt, sehr interessant ist.	3
engagiert hat, ein Spion ist, wahr sein könnte.	3
engagiert hat, gestohlen hat, respektlos und illegal sein.	3
engagiert hatte, Messungen durchführen soll, übertrieben gewesen sei.	3
engagiert hatte, gar nicht so falsch war.	2
engagierte, gerne auch schwierige Persönlichkeiten wie Diktatoren und Warlords vertritt, könne man bei seriösen Quellen im Internet nachlesen. 	3
engagierte, ihr überhaupt nicht passte. 	2
entlarvte, nun unter Hausarrest steht, gerechtfertigt ist. 	3
entwischen lassen hat, gemeinsame Sache machten. 	2
erkannt hatte und der Ralf heißt, ganz klar auf der Hand liegt.	2
ermahnte, gespickt habe, falsch sei.	3
ermordet hat, der in der Müllerstraße wohnt, berechtigt ist.	3
ermordet hat, wahr ist.	2
ermordete, erst 10 Jahre alt war, sich für wahr herausstellte.	3
ermordete, nicht wirklich Tod war. 	2
ermordete, ungerechtfertigt war. 	2
erschossen hat, unter Ausschluss der Öffentlichkeit begraben wird, von vielen geteilt wird.	3
erschreckt hatte, Krebs hat, erschütternd ist.	3
erschreckt hatte, daran gestorben ist, wahr ist.	3
erschreckt hatte, sieben war, überraschend ist.	3
erst letzte Woche eingestellt hat, von seinem Unternehmen stiehlt, sehr stark ist.	3
ertappt hat, zur Anzeige gebracht wurde. 	2
erwischt hatte, nett war, ihn weniger schuldig macht.	3
erwähnte, einen Fehler gemacht hat, keinen Hintergrund hat.	3
festgenommen hat, die Tasche gestohlen ist, nicht sicher steht.	3
festgenommen hatte, ergab, dass es sich um einen Jugendlichen handelte.	2
festgenommen hatte, unschuldig sei, wirklich lächerlich wäre.	3
finanziell unterstützt hatte, nur durch private Spenden gewinnen würde, auf Fakten beruhe.	3
forderte, nicht richtig ausgefüllt wurde. 	2
für arbeitsunfähig erklärt hatte, dies auch sei, unbegründet bleiben sollte.	3
für die Rolle vorgeschlagen hat, korrekt ist. 	2
für die Studie beauftragt hatte, ein Schwindler sein könnte, stimmte.	3
für die Verbreitung seiner Produkte ausgewählt hatte, früher illegale Geschäfte verrichtet hat, kein großer Schock war. 	3
für nicht zurechnungsfähig hielt, bei seinem letzten Marathon auf Drogen war, sich schließlich auch bestätigte.	3
für seinen Feldzug beauftragt hatte, dafür nicht geeignet sei, sei richtig.	3
für seinen film angeworben hatte, nicht gut genug sei, Blödsinn ist.	3
für untauglich erklärt hatte, somit nicht am Rennen teilnehmen dürfe, ungerecht sei.	3
gebraucht hätte, wenig Berufserfahrung hat, erst später gekommen ist.	3
gebucht hatte, heute keine Sprechstunde hat.	2
gefangen hat, noch minderjaehrig ist.	2
geheiratet hat auch ein Deutscher war.	2
geheiratet hat, die Aufgabe erledigen soll, gut war.	3
geheiratet hat, ein Mörder ist, nicht wahr ist.	3
geheiratet hat, schon 3 Kindern mit anderen Frauen hat, nicht möglich sein kann.	3
gemeint hatte, korrupt sei, vollkommen verständlich ist.	3
genaustens untersuchen ließ, schuldig sei, von irgendjemandem angezweifelt werden könnte.	3
gerettet hat, eigentlich garnicht in Gefahr war, stimmte.	3
gerettet hat, in das Krankenhaus soll, richtig klingt.	3
gerettet hatte, trug, nicht zu erkennen war.	3
geschlagen hat, entlassen wird, sehr traurig ist. 	3
geschlagen hat, richtig ist.	2
geschlagen hat, weg lief, etwas verfälscht ist.	3
gesehen hat, eine Bombe gezündet hat, eine Lüge ist.	3
gesehen hat, korrupt ist, unbegründet sei.	3
gesehen hat, leine ziehen soll, angebracht sei.	3
gesehen hat, sehr hilfsbereit war.	2
gesehen hat, sich einem Kind angenähert hat, sehr gefährlich sein kann.	3
gesehen hat, wirklich so etwas getan hatte, in irgendeiner Form berechtigt sei. 	3
gesehen hat, zu leiser sein soll, fallen gelassen wurde.	3
gestellt hatte vor Gericht nicht angenommen wurde.	2
gestern gerettet hatte, ein Waisenkind werden würde, der Wahrheit entspricht.	3
gestern getroffen hatte, falsch ist. 	2
getötet hatte, ausgeblutet ist, gestern in der Zeitung stand.	3
gut leiden konnte, nicht falsch sein konnte.	2
hat entwischen lassen, nicht gerechtfertigt war. 	2
heftig umarmte, von sich gab, nicht von Erleichterung zeugte.	3
heiratete, ein schlechter Mensch ist, falsch sei. 	3
heute getroffen hatte, berechtigt sei.	2
ihn umgebracht hat.	1
im Hotel getroffen hatte, und sie zusammen gesehen wurden, höchstwahrscheinlich wahr ist.	2
im Internet gefunden hatte, überhaupt keine Qualifikationen im Bereich der Augen-Ops hatte, sich schließlich auch bestätigte.	3
im Swingerclub gesehen hatte, seine Sachen packen soll, eine Märchengeschichte ist.	3
im Wald zurück ließ, ein bekannter Superstar war, etwas an dem Gerichtsurteil ändern würde.	3
in einem äußerst hässlichen T-Shirt gesehen hatte, unbegründet war.	2
in grellen Farben für ihre letzte Vernissage abgelichtet hatte, sich als schwul herausstellte, nicht sonderlich überraschend war.	3
in seinem Artikel beschrieb, ein Mörder sei, berechigt ist.	3
in seinem Erbe bedacht hatte, das meiste Geld in Bars verprasste, wieder einmal zeigt, wie problematisch geschenktes Geld ist.	3
in seinen Artikeln veredelt, immer macht, geheim sei.	3
ins Amt gehoben hat, alleine für die verlorene Schlacht verantwortlich ist, gerechtfertigt ist.	3
ins Boot geholt hatte, korrupt sei, vermutlich der Wahrheit entspricht.	3
interviewt hat, eigentlich ganz nett ist, sie ziemlich überraschte.	3
jeden Abend beobachtet, wirklich ein Mörder ist, von den meisten Leuten verdrängt wird.	3
kannte, kein wahrer Betrüger sei, hat sich als richtig herausgestellt.	3
kritisiert hatte, entlassen werden solle, nicht gut aufgenommen worden sei.	3
kritisierte, einen Rekord aufgestellt hat, beeindruckend ist.	3
kurz zuvor noch gesehen hatte, ein Massenmörder sei, eine falsche Beschuldigung ist.	3
mehrmals verklagt hatte, seinen Beruf niederlegt, die richtige gewesen sei.	3
meinte, in Herr der Ringe mitgespielt hat, von so jemandem nicht zu erwarten sei. 	3
mit 100.000 Euro bedacht hat, bei der Hauptversammlung gegeben hat, keine Bedeutung hat.	3
mit Geld versorgt, keinen Anspruch auf dieses Geld hätte, einer Verschwörungstheorie gleicht.	3
mit Geld versorgten, nur klassische Lieder spielen sollte, nicht gerecht sei.	3
mit einem Schüler erwischt hat, schwul ist, kein Beleg ist.	3
mit ihrer Aussage in Schutz genommen hatte, nun tatsächlich schuldig sei, auf keinerlei Wahrhaftigkeit beruht.	3
mit seiner Beschwerde gemeint hatte, entlassen werden soll, zu Recht nicht durchgesetzt wird.	3
mit viel Geld unterstützt, doch gar nicht so nett ist, stimmen soll.	3
nach Geld gefragt hat, schwul ist, nichts mit der Nachfrage zu tun hat.	3
nach vorne gerufen hat, nichts weiß, falsch sei.	3
nicht ausstehen kann, sofort umziehen soll, begründet ist.	3
nicht ernstnahm, bald vor das Gericht geht.	2
nicht leiden kann, wichtig sei.	2
nicht leiden konnte, fragwürdig war.	2
nicht leiden konnte, unkollegial sei, von vielen Mitarbeitern geteilt wurde.	3
nicht mag, wahr werden wird.	2
nicht mochte, entdeckt hatte, in Wahrheit ein Hilfeschrei war.	3
nicht namentlich nennen wollte, seine Spende geheim zu halten, unbedingt eingehalten werden muss. 	3
nicht retten konnte, Schuld an der Misere hatte. 	2
noch aus Kindheitstagen kannte, Bestechungsgelder angenommen hatte, ein Schock für sie gewesen sein muss.	3
noch weniger als vierundzwanzig Stunden zuvor gesehen hatte, ebenfalls mit illegalen Machenschaften am Werk war, sich bewahrheitet hatten.	3
ohne Haftbefehl festgenommen hatte, automatisch schuldig sei, typisch für unsere heutige Gesellschaft ist.	3
persönlich kennt, seine Studie verfälscht hat, von einem Freund stammt.	3
rettete, in ein weit entferntes Krankenhaus gebracht wird, falsch sei.	3
sah, eigenartig war. 	2
sah, für spätere Zwecke zu merken sei.	2
schon seit Jahren vertraut, es so gemeint hatte, nötig war.	3
sehr wertschätzt, ein schlechter Händler wäre, absolut falsch sei.	3
seit ihren Schultagen kannte, eine Affäre mit ihrem Mann hatte, leider wahr sei.	3
seit langem beschattet hat, für die Tat verantwortlich sei, völlig falsch war. 	3
seit seiner Kindheit bewundert, eigentlich gar nicht schauspielern könne, gute Argumente liefert.	3
seit zwei Wochen nicht mehr gesehen hatte, tot sein, bestätigt wurde.	3
selbst ausgewählt hatte, ins Exil gehen sollte, vom Kommandanten selbst ausging.	3
so sehr mag, die Gemeinde verlassen muss, nicht von Gott gefällt wurde.	3
so unfreundlich angekeift hatte, aus Emotionalität heraus gehandelt hatte, sei nur so dahingestellt.	3
stark kritisiert hatte, die Kritik auch verdient habe, nicht gerechtfertigt sei.	3
tot aus dem See fischte, von seiner Mutter ertränkt worden sein soll, erfunden wurde.	3
töten sollte, nicht echt sei.	2
ueberfallen hat, an einem Herzanfall gestorben ist.	2
um eine Fahrt gebeten hatte, ein verkleideter Star war, völlig offensichtlich wäre.	3
umgebracht hat, seinen Sohn missbraucht hat, wahr ist.	3
unsympathisch fand, nicht gerechtfertigt sei.	2
unterstützen, schon Millionen verdient hat, wahr ist.	3
unterstützen, welcher weltbekannt ist, die jeder hat, stimmt.	3
unterstützt hatte, Alkoholiker war, allgemein bekannt ist.	3
unterstützt hatte, korrupt war.	2
unterstützte, dies nur machte um Steuern zu sparen. 	2
untersucht hat, wahr ist.	2
verabscheute, das UFOs existieren, falsch ist. 	3
verabscheute, gefeuert werden solle, absolut schrecklich sei.	3
vergewaltigt hatte, nun traumatisiert sei, begründet ist.	3
verhaftet hat, die Tat wirklich begangen hatte, unbegründet war.	3
verhaftet hatte, falsch war. 	2
verhaftet hatte, nicht vollständig sei.	2
verklagte, bereits mehrmals verklagt wurde, kein Geheimnis mehr war.	3
versucht hat abzuwimmeln, ihn ertrinken wollte, respektlos sei.	3
versuchte zu schmieren, äußerst loyal ist, sich leider als Fehlannahme entpuppte.	3
verteidigte, namens Peter, welche unberechtigt ist, es sei völlig verständlich.	3
von einer TV Show gestalkt haben soll, gerechtfertigt ist.	2
vor Gericht verteidigt, eigentlich ein ehemaliger Star sei, weit verbreitet ist.	3
vor dem ganzen Team angeschrien hatte, arm dran sei, vom ganzen Team geteilt wurde.	3
vorgestellt hatte einen guten ersten Eindruck macht. 	2
zeigte nicht jugendfrei war. 	1
zu Gericht gab, verworfen wurde. 	2
zu ermorden versuchte, eigentlich ein netter Typ ist, doch irgendwie bahnbrechend in diesem Kontext sei.	3
zu erwürgen versuchte, bald herauskommen würde.	2
zu streng fand, die Richtige sei. 	2
zuletzt gesehen hatte, unterbezahlt ist.	2
zuletzt untersuchte, Platz machen sollte, durch seinen Trainer gebrüllt wurde.	3
zum Gespräch eingeladen hatte, besorgniserregende Aussagen traf, gerechtfertigt ist.	3
zum Kommandanten ernannt hatte, falsch war. 	2
zum überleben brauchte, welches er gezeigt hatte, das Zeichen für "Hilfe" gewesen sei.	3
zur Welt brachte, nicht mehr aktuell war. 	2
zur Zusammenarbeit gezwungen hatte, sich davon in seinem Freiheitsrecht eingeschränkt gefühlt hatte, nicht ohne Grund entstanden sein kann.	3
zusammengeschlagen hat, schwerer verletzt ist als man dachte, erst übertieben war.	3
ächten will, buße tat, gerechtfertigt ist.	3
überführt hatte, spurlos verschwand, sicherlich nicht der Wahrheit entsprach.	3
übergangen hatte, genau deswegen so gut beim letzten Konzert spielte, sicherlich falsch sei.	3
als seinen alten Mitschüler wiedererkannt hatte, sich in der Situation professionell verhalten hat, der Wahrheit entsprach.	3
anfuhr, sich bewahrheitete. 	2
angegriffen hatte, abgewiesen wurde.	2
angerufen hat, korrupt ist, falsch ist.	3
angerufen hatte, zu viel Geld verlangte, falsch sei.	3
angesprochen hatte, nicht gerechtfertigt ist.	2
angespuckt hat, berechtig ist.	2
angestellt hat, ein Genie ist, euch helfen wird.	3
angezeigt hat, auf Tatsachen beruht.	2
angezeigt hat, drogenabhängig ist, nicht stimmt.	3
angezeigt hat, nach zwei Monaten auf Kaution freikommen solle, gerechtfertigt sei.	3
angezeigt hat, vom Gericht befürwortet wird.	2
anheuerte, am richtigen Posten sitzt, falsch ist.	3
anheuerte, berechtigt sei.	2
anrief, richtig ist.	2
anrief, wirklich vertrauenswürdig ist.	2
anspuckte, wirklich nicht gerechtfertigt war. 	2
auf frischer Tat ertappt hatte, das Verbrechen auch wirklich begangen hat, eigentlich eindeutig sei.	3
aus dem Baum gerettet hatte, 5 Jahre alt war, nicht stimmt.	3
aus dem Weg ging, fallen gelassen wird. 	2
ausfindig gemacht hatte, Anschlagspläne ausgearbeitet hatte, gottlob unbegründet war.	3
ausgewählt hat, B-Waren anbieten darf, falsch war, da nun der Wettbewerb verzerrt wird.	3
ausraubte, den Vorfall vorgetäuscht hat, sich bewahrheitet hat.	3
beauftragt hat, ihr weiterhelfen könne, nicht stimmt.	3
beauftragt hat, sämtliche Ergebnisse zu vernichten, nicht befolgt wurde.	3
beauftragt hatte, der richtige Mann für den Job ist, gut ist.	3
befragt hat, einen falschen Bart hat, begründet ist.	3
befördert hat, sich bestochen haben lassen soll, unwahr zu sein scheint.	3
beim Durchforsten der Mülltonnen auf frischer Tat ertappt hatte, bisweilen durch unangenehmen Geruch auffiel, absolut der Wahrheit entsprach - wie sich nun zeigte.	3
beim Essen traf, betreffen wird.	2
beim Klauen erwischt hat, dies seit einiger Zeit macht, der Wahrheit entspricht.	3
beleidigt hat, gefeurert werden soll, ungerecht ist.	3
belustigte, fertiggestellt ist.	2
beschuldigt hatte, nicht schuldig war, eine Überraschung war.	3
beschützt hat, reicht, damit der Agent entlassen wird.	2
bestochen hat, seinen Job verloren hat, nicht stimmt.	3
bestohlen hat, Verluste macht, positiv ist.	3
bestohlen hat, sich nicht gewehrt hat, unbegründet war.	3
bestohlen hatte, wiedergefunden wurde.	2
biss, falsch war.	2
brauchte, dem Kind das Leben gerettet hat, sehr gut geschrieben war.	3
chauffiert hat, eine Busse bekommnen sollte für sein Verhalten, nicht gerechtfertigt ist.	3
denunzierte, auf falschen Tatsachen beruht.	2
durchfallen ließ, ungenügend ist, nicht stimmt.	3
ein Dorn im Auge ist, komplett erfunden ist.	2
eines Diebstahls beschuldigt hatte, unbegründet war. 	3
eingeladen hat, unzuverlässig war.	2
eingeladen hatte, nicht mehr gültig ist.	2
eingestellt hat, ihr keine Hilfe war, leider zu spät kam. 	3
eingestellt hat, zu ungenau gearbeitet hat, nicht der Wahrheit entsprechen würde.	3
einsperrte, womöglich falsch sei.	2
empfohlen hat, rechtswidrig war. 	2
engagiert hatte, nicht nett war.	2
engagiert hatte, zu schnell gefahren ist, das Blitzerfoto sei.	3
engagierte, zitrrige Hände hat, kein gutes sei.	3
entlassen hat, sehr faul ist, keinen Grund dafür ist ihn zu entlassen.	3
erkannte, sein Verhalten honorieren möchte.	2
ernannt hat fähig ist, nie vergehen wird.	3
erschossen hat unschuldig sei, falsch ist.	3
erschoßen hat, in der Hand hielt, gefälscht worden war.	3
erschreckt hat, geweint hat, nicht stimmt.	3
erwähnte, ungerecht war. 	2
erwähnte, zutrifft.	2
festgenommen hat, unschuldig ist, stimmt. 	3
für diesen Auftrag organisiert hatte, dieser Aufgabe gewachsen war, zu Unrecht angestellt wurde.	3
für seine herausragenden Leistungen zum Ehrenbürger ernannt hatte, als der Beste seines Faches gelten musste, mit Fug und Recht bestand.	3
gebraucht hat, ein Zeichen Gottes war.	2
gefangen hat, unschuldig ist, nicht stimmt.	3
gefeuert hat, nicht stimmen würde.	2
geheiratet hat, ein Einbrecher ist, ein Chance hat.	3
geheiratet hat, sich kaufen lies, gerechtfertigt ist.	3
gelobt hat, wahr ist, da er immer gute Arbeit leistet.	2
gemeldet hatte, eingetroffen ist.	2
gequält hatte, gefälscht worden war.	2
gerettet hat, verschwunden ist.	2
gesehen haben soll, der Täter ist, besteht.	3
gestern ins Gefägnis brachte, reicht um wieder frei zukommen.	2
gestern verhaftet hatte, älter als 30 ist, nicht stimmt.	3
getroffen hatte, einer grossen kriminellen Netzwerk angehört, viele überrascht hat.	3
getroffen hatte, welches angesprochen wurde, für den Unterricht unangebracht wäre.	3
getötet hat, Schulden hatte, nie existiert hat.	3
getötet hat, zuerst angegriffen hatte, nicht stimmt.	3
gewählt hat, bei der OP gepfuscht habe, nicht rechtens sei.	3
gut kannte, dieser zuzwinkerte, in diesem Fall nicht unverdächtig war und für die internationalen Beziehungen hochproblematisch sein könnte.	3
hasste, wirklich schlimm war.	2
hatte, schlicht falsch war. 	2
herbestellt hat, einen Fehler begangen hat, stimmt.	3
ignoriert hat, weil er sich nicht benommen hat, berechtigt ist.	3
ihn aufgegben hatte, unvollständig ist. 	2
ihr vorgeschlagen hatte, nicht passend für ihr Anliegen ist, nicht korrekt ist.	3
im Gespräch angebrüllt hatte, der Situation angemessen gehandelt hat, absolut folgerichtig ist.	3
in das Haus einbrach, am falschen Ort war.	2
in der Vorstellung mit Wasser bespuckt hatte, bei dieser zu weinen begann, unberechtigt war.	3
ins Klassenzimmer gerufen hatte, nächstes mal pünktlich kommen sollte - trotz seiner Position - absolut legitim sei.	3
interviewen wollte, anonym bleibt, befolgt wird.	3
interviewt hatte, lebenslang hinter Gitter muss.	2
kannte, ihr alter Mathelehrer war.	2
konsultierte, gerechtfertigt sei.	2
konsultierte, nicht zur genüge Leistung bringen kann.	2
letzte Woche höchst verärgert hatte, dem keine Konsequenzen folgen lassen wird, eine Berechtigung hat.	3
liebt, eigentlich korrupt ist.	2
mit in das Krankenhaus genommen hat, in Wirklichkeit gar nicht verletzt war, nicht stimmen würde.	3
sein leben verdankt, selbstverständlich sei.	2
sieht, ein rotes Armband tragen muss, praktisch ist.	3
so gerne mag, bevorzugt werde, wahrscheinlich der Wahrheit entspricht.	3
so mochte, schwul sei, ein Irrtum ist.	3
um Rat gefragt hatte, ein Schwindler sei, gelogen war.	3
unterstützen unfähig ist, nicht gerechtfertigt sei.	2
unterstützt hat, Pleite geht, sich wohl bewahrheiten wird.	3
unterstützt, ein negatives Bild auf den Wohltäter wirft.	2
unterstützt, falsche Studien vorgelegt hat, wahr ist.	3
verfolgt hat, großartig war.	2
verklagt, etwas geklaut habe, viel Sinn macht.	3
verteidigt, unschuldig ist, ihn überrascht hat.	3
vertraute, betrogen hat, sich bewahrheitet hat.	3
vertraute, ein Betrüger ist, sich bewahrheitet hat.	3
vertraute, ein guter Chirurg ist.	2
vor dem Ertrinken rettete, schwimmen kann, berechtigt ist.	3
wiederbelebte, vom Gericht abgewiesen wurde.	2
zu Hilfe gerufen hatte, noch rechtzeitig eintreffen würde, sich glücklicherweise bestätigte.	3
zugerichtet hat, inzwischen bestätigt ist.	2
zum Essen einlud, auf der Jacke trug, das Symbol der Illuminati ist.	3
abgegeben hatte, jemand bestohlen haben könnte, vielleicht nicht korrekt war.	3
als geisteskrank eingestuft, bei dem Wettkampf mit unfairen Mitteln gewonnen hat, einfach falsch sei.	3
als schwul geoutet hat, ein Kopfgeld auf den Journalisten ausgesetzt hatte, gerechtfertigt war.	3
angeklagt hatte, betrogen hatte, berechtigt war	3
angeklagt hatte, schon viele weitere Leute erpresst hatte, schockierend war	3
angeschwärzt hat, faul sei, durchaus stimmig sei.	3
auf frischer Tat ertappt hatte, eine große Summe Geld gestohlen hat, hieb- und stichfest sei.	3
ausstellte, viel zu teuer sei.	2
bedient hat, ein sowjetischen Zeichen war.	NA
befragt hatte, am Verbrechen beteiligt war, korrekt ist	3
beleidigt hat, nett sei, nicht wahr ist.	3
beleidigt hatte, dann aggressiv wurde, gerechtfertigt war	3
belästigt hat, Selbstmord begang, unwahr sei.	3
beobachtet hatte, Dreck am Stecken hatte, überzogen war	3
beschimpft hatte, gekündigt wurde, zu harsch sei.	3
bestochen hat, bestechlich sei, vermutlich wahr ist.	3
bestohlen hat, wahr war, schockierte sie.	3
betreute, ungerechtfertigt sei.	2
davor nicht kannte, einen Fehler gemacht hatte, zu spät kam	3
diskriminiert ihn	1
engagiert hatte nicht richtig war	2
entführt hat, wirklich hinter dem Verbrechen steckt.	2
er hat ihn schlecht operiert	NA
ernannt hatte, ein guter Mensch sein könnte	2
erschossen hatte, einen Bombe versteckt hat, dämlich sei.	3
erst kürzlich angestellt hatte, übertrieben war	2
erstochen hatte, ein schlechter Mensch gewesen sei, komplett fabriziert war.	3
ertappt hatte, unschuldig war, gerechtfertigt ist	3
erwischt hatte, korrupt war, eindeutig ist.	3
erwähnt hatte, unfähig ist, falsch ist.	3
es beschäftigte ihn	NA
es kann so schlechte ergebnisse haben	NA
etwas gefragt hatte, korrupt sein könnte, womöglich zutreffen könnte	3
fand ihn	1
festgenommen hatte, nicht korrekt war	2
festgenommen hatte, unberechtigt war	2
für wenig kompetent hält, eine Gehaltserhöhung bekommen würde, dämlich sei.	3
gefangen hat, der angeblich die Bank überfallen hat, eine Fälschung war.	3
gefragt hatte, einen Einkauf getätigt hatte, gefälscht war	3
gefördert hatte, nun sehr erfolgreich ist, verdient ist	3
gerettet hat, überlebt hat, ein Zeichen von Gott ist.	3
gerretet hat, vor ein Auto gelaufen war, vielleicht nicht richtig war	3
geschlagen hatte, abgewiesen wurde, da sie diplomatische Immunität genießt.	2
gesehen hat, falsch sei.	2
gesehen hatte, den Eintrittspreis bezahlen solle, eine Frechheit war	3
gesehen hatte, ein Verbrecher war.	2
gesponsert haben, gefälscht war.	2
getroffen hatte, versterben würde, ihn sehr traurig stimmte.	3
heute morgen sah, unsere Privatsphäre nicht beachtet, nicht berechtigt sei.	3
in den Schatten gestellt hat, überbewertet sei, nicht besonders fundiert sei.	3
ist ihm entkommen	1
kann schwimmen	1
kontaktiert hatte, nicht rechtens war	2
machte, nicht ungeschoren davonkommen soll.	2
nicht leiden konnte, gepfuscht hat, echt war	3
rettete, zu übersehen war.	2
sah, sei gefälscht.	2
schlechte Armee	NA
sie sind zu schwach	NA
und wird von uns scheiden	NA
unter Verdacht hatte, doch hinter den Anschuldigen von Inzucht steckte, falsch war.	3
verdient viel	1
verführt hatte, nun Liebeskummer habe, unbegründet sei	3
verhaftete, unvollständig sei.	2
verhört hatte, wirklich schuldig sei, unbegründet wäre	3
verletzt hat, unschuldig ist.	2
verprügelte, gestorben ist, schockierte ihn für sein restliches Leben.	3
verteidigte, wirklich den Kanzler erschossen hatte, war sei.	3
vor Anzeige gebracht hat, auf Bewährung freizulassen, doch keine gute Idee sei.	3
vor Gericht verteidigen musste, in Wahrheit immer eine Fälschung verkauft hatte, dass er in seiner Wohnung das Geld versteckt hat, jetzt dazu führt, dass er hinter Gitter muss.	3
wer hat eine Million Dollar gestohlen	2
zurechgewiesen hat, langsam senil wird, klarer wird.	3
überfallen hatte, zur Tatzeit nicht daheim war, falsch war	3
überwacht hat, nicht mehr wichtig für das Gericht war.	2
???	NA
Anstellte 	NA
Beschuldigte falsch war	NA
Beschuldigte falsch war 	NA
Beschuldigte, falsch war	NA
Das Leben gerettet hat	NA
Engagierten	1
Erschreckt hat, Hans heißt, falsch sei.	3
Falsch wäre 	1
Fand, falsch sei	2
Rumfuhr 	1
abgelehnt hatte, ersetzt werden soll, ignoriert wurde.	3
angeheuert hatte, absichtlich Umwege fuhr, stichhaltig ist.	3
angeheuert hatte, das Sofa verkaufen sollte, nicht richtig war.	3
angezeigt hatte, verwerflich war.	2
anheuerte, einen kriminellen Hintergrund habe, das Projekt nicht beeinflussen würde.	3
anhing falsch war	2
anschrie 	1
anschrie gut war	2
anschuldigte, unschuldig war, stimmt.	3
anstellte, in seinem Beruf gut ist, stimmt.	3
anzeigte, bereits andere Frauen betrogen hatte, stimmte.	3
anzeigte, ins Gefängnis muss, falsch ist.	3
attackiert haben sollte, der eigentliche Täter gewesen sein soll, zurückgewiesen sein worden soll.	3
aufgesucht hatte, gar nicht Medizin studiert hat, ein Skandal war.	3
ausgezeichnet hatte, sich dazu im Fernsehen äußern soll, auf Widerstand stieß.	3
ausspionierte, ins Gefängnis muss, gerecht ist. 	3
auswählte gut überlegt war	2
auswählte, nicht gut schauspielern konnte, nicht richtig war. 	3
auswählten	1
beauftragt hatte, falsch ist.	2
beauftragt hatte, nachlassig war, abgewiesen wurde.	3
beauftragt hatte, wortbrüchig geworden ist, falsch ist.	3
bedacht hatte, ein Kriegsverbrecher ist, erst jetzt in die Öffentlichkeit geraten ist.	3
behandelt hatte, wieder fit sei, falsch gewesen war.	3
behandelte, echt war	2
bei einem medizinischen Notfall aufsuchte, betrunken operierte, dem Patienten das Leben rettete. 	3
beklaut haben soll, nicht gerechtfertigt war.	2
beleidigt hat, Anzeige erstatten will, falsch ist.	3
beleidigt hatte, gemalt hat, komisch war.	3
beleidigt hatte, zuvor Geld hinterzogen habe, falsch sei.	3
beobachtet hatte, seinen Muell bei anderen in den Garten zu werfen, zu steinigen sei, doch nicht so grossen Anklang gefunden hat.	3
beschuldigte, das getan hat, nicht stimmen könnten. 	3
bestochen haben soll, Gesetze beeinflusst hat, richtig sein kann.	3
bestohlen hatte, in illegale Machenschaften verwickelt sei, falsch wäre.	3
durch die Prüfung fallen lies, ein Störenfried gewesen sei, korrekt ist. 	3
entlarvte, mehrere Millionen erschwindelte, von dieser Frau völlig frei erfunden sei.	3
entlassen hat, unfaehig sei, durchaus gerechtfertigt ist.	3
erschreckt hatte, kindisch sei, von vielen geteilt wurde.	3
erstach, tot ist	2
für schuldig hirlt	NA
gegessen hat schlie.	NA
gejagt hat, einen Ladendiebstahl begangen hat, falsch ist.	3
geohrfeigt hat, sich im Ton vergriffen hatte, noch mehr auf dem Gewissen hat.	3
geschnappt hat, wirklich einen mord begangen hat, kein ausreichender Beweis ist.	3
gesehen hat, geschummelt hat, stimmt. 	3
gestellt hat, entlassen werden soll, gerecht ist.	3
gestern auszeichnete, nicht gültig sei. 	2
gestern bei dem Einbruch sah, wirklich sein Vater gewesen sei, nicht stimmt. 	3
gestern noch grüßte, an seiner Jacke hat, wirklich so speziell geschweige denn aussagend ist. 	3
gestern versuchte zu erschrecken, Angst hatte, nicht berechtigt sei. 	3
herbeigerufen hat, gestohlen hat, falsch wiedergegeben wird.	3
herbeigerufen hatte, gar nicht schwimmen konnte, fuer Heiterkeit sorgte.	3
herbeigerufen hatte, kompetent war, überflüssig war.	3
i letzten Film schlug, fallen gelassen wurde.	2
in Schutz nahm, nur seinem eigenen Nutzen nachgehe, berechtigt ist.	3
kritisiert hat, ein Bürokrat ist, nicht laut geäußert werden darf.	3
letzte Woche noch behandelte, den jetzigen Marathon gewinnt, keine fundierten Hintergründe hätte. 	3
nach dem Weg fragte, absichtlich eine längere Strecke erklärte, um dem Touristen eine Taxifahrt aufzuquatschen, als falsch bewiesen wurde.	3
nicht ausstehen kann, machte, ihn unsympathisch machte. 	3
nicht mochte ihn mochte	2
nicht mochte, reich war, nicht stimmte.	3
nicht mochte, seinen Eingriff absichtlich kompliziert durchführte, stimmt. 	3
nicht mochte, wirklich einfach willkürlich Kinder bestrafte, nicht stimmen würde und dieser eigentlich sehr nett sei. 	3
niedergerempelt hat, selbst Schuld sei, korrekt ist.	3
noch nicht kennengelernt hat, erst seit kurzem diesem Beruf nachgeht, stimmt.	3
rettete falsch war	2
rief tot ist	2
schupste,heile ist.	2
seine Adresse anvertraute, diesen wirklich beklaute, sehr absurd sei. 	3
traf, schnell handeln soll, schon seit Wochen bestehen. 	3
um Hilfe bat, sich um das angesprochene Thema kümmern möchte, der Partei zum Wahlsieg verhelfen kann.	3
umbrachte tot ist.	2
umgebracht hat, falsch sei.	2
umgebracht hat, stimmt.	2
unterstützt haben, Geld gesammelt hat, wirklich stimmt.	3
verfolgte, einfach spurlos verschwand, wahr ist.	3
verlangte, nicht ausreiche für die geplante Büste.	2
verletzt hatte, hinterlassen hatte, nicht relevant war.	3
verprügelt hat, nur Opfer war, generell verspottet wird.	3
versorgte, heim gehen kann, falsch ist.	3
versuchte zu bestechen, das Geld zurückzugeben, nur berechtigt sei. 	3
wiederbelebt hatte, ins Krankenhaus gebracht werden sollte, falsch war.	3
zum Gespräch hinzurief, eigentlich keine Lust auf die Lösung des Problems hatte, keine Feststellung sondern eine Lüge sei.	3
überführt hatte, einen Anschlag plante, richtig sei.	3
