Versprechen	1
Lösung	1
Berufung	1
Irritation	1
Eilantrag	1
Schauspieler	1
Festlegung	1
Genehmigung	1
Preis	1
Potenzial	1
Verfügung	1
Beispiel	1
Plan	1
Vorsprung	1
Kraft	1
Abkommen	1
Kunde	1
Bekräftigung	1
Statement	1
Fehler	1
Erfahrung	1
Aufruf	1
Entschluß	1
Verfahren	1
Dilemma	1
Vorschrift	1
Experte	1
Bezeichnung	1
Entdeckung	1
Andeutung	1
System	1
Anschein	1
Verwaltung	1
Hersteller	1
Schaltung	1
Bestimmung	1
Glaube	1
Pressemitteilung	1
Mensch	1
Angebot	1
Interesse	1
Aufforderung	1
Blick	1
Geld	1
Warnsignal	1
Drohung	1
Label	1
Sinn	1
Unterstützung	1
Theorie	1
Anerkennung	1
Empfehlung	1
Zuversicht	1
Kommentar	1
Produkt	1
Fähigkeit	1
Wahrheit	1
Versicherer	1
Wunsch	1
Geheimnis	1
Prinzip	1
Überlegung	1
Version	1
Einigung	1
Vermittlung	1
Konzept	1
Ausgleich	1
Bewegung	1
Aspekt	1
Menge	1
Zufall	1
Fazit	1
Designer	1
Markt	1
Folge	1
Parole	1
Gesetz	1
Erstaunen	1
Einstellung	1
Vorgabe	1
Position	1
Anhaltspunkt	1
Konsequenz	1
Art	1
Kick	1
Beitrag	1
Weise	1
Auflage	1
Besonderheit	1
Schätzung	1
Sache	1
Slogan	1
Mehrheit	1
Philosophie	1
Regierung	1
Schluß	1
Rede	1
Brauch	1
Nachteil	1
Sicherheitsmangel	1
Hypothese	1
Regel	1
Maß	1
Glück	1
Blamage	1
Schar	1
Haltung	1
Ausschlag	1
Beratungsbereiche	1
Absicht	1
Zeichnung	1
Schilderung	1
Phänomen	1
Land	1
Anordnung	1
Lehre	1
Recht	2
Wort	2
Motto	2
Aussicht	2
Furcht	2
Vertrauen	2
Einigkeit	2
Gerät	2
Vorbehalt	2
Standpunkt	2
Vereinbarung	2
Angabe	2
Zeit	2
Zusicherung	2
Vorbereitung	2
Pech	2
Rechtsauffassung	2
Sicherheit	2
Auskunft	2
Verständnis	2
Freude	2
Resultat	2
Beobachtung	2
Einschränkung	2
Unternehmen	2
Hintergrund	2
Grundsatz	2
Besorgnis	2
Gefühl	3
Ursache	3
Bedenken	3
Urteil	3
Notwendigkeit	3
Druck	3
Mutmaßung	3
Ziel	3
Regelung	3
Gewähr	3
Punkt	3
Prognose	3
Kritik	3
Information	4
Indiz	4
Garantie	4
Bestätigung	4
Vision	4
Beleg	4
Darstellung	4
Situation	4
Zusage	4
Erklärung	4
Signal	5
Klage	5
Begründung	5
Wahrscheinlichkeit	5
These	5
Einwand	5
Gedanke	5
Risiko	5
Sein	5
Entscheidung	5
Effekt	5
Angst	5
unknown	5
Behauptung	6
Einsicht	6
Idee	6
Forderung	6
Argumentation	6
Meldung	6
Vorstellung	6
Grund	6
Trend	6
Einschätzung	6
Argument	7
Mitteilung	7
Nachweis	7
Mal	7
Feststellung	8
Ankündigung	8
Annahme	8
Erwartung	9
Warnung	10
Problem	10
Nachricht	10
Spekulation	10
Voraussetzung	11
Bedingung	11
Sorge	11
Erkenntnis	12
Zweifel	13
Zeichen	14
Überzeugung	14
Vermutung	15
Aussage	15
Vorwurf	15
Bericht	15
Chance	16
Umstand	16
Vorteil	17
Möglichkeit	17
Hoffnung	17
Anzeichen	18
Fall	19
Beweis	19
Auffassung	19
Eindruck	20
Befürchtung	24
Ergebnis	25
Gerücht	27
Schluss	27
Verdacht	29
Gefahr	41
Wunder	41
Hinweis	49
Meinung	50
Ansicht	57
Tatsache	101
