"Estimate"	"Std. Error"	"t value"	"Pr(>|t|)"
"(Intercept)"	12.738	0.051	247.835	0
"RC.C"	0.072	0.092	0.782	0.434
"compatible.C"	-0.265	0.092	-2.88	0.004
"Item232_Critical_29"	-1.124	0.073	-15.466	0
"Item232_Critical_31"	-0.387	0.073	-5.326	0
"ItemCritical_0"	-7.518	0.073	-103.43	0
"ItemCritical_1"	-1.17	0.073	-16.091	0
"ItemCritical_10"	-7.367	0.073	-101.351	0
"ItemCritical_11"	-7.749	0.073	-106.607	0
"ItemCritical_12"	-7.074	0.073	-97.326	0
"ItemCritical_13"	-7.176	0.073	-98.728	0
"ItemCritical_14"	-6.991	0.073	-96.186	0
"ItemCritical_15"	-6.901	0.073	-94.947	0
"ItemCritical_16"	-7.45	0.073	-102.502	0
"ItemCritical_17"	-7.301	0.073	-100.443	0
"ItemCritical_18"	0.674	0.073	9.276	0
"ItemCritical_19"	-7.755	0.073	-106.69	0
"ItemCritical_2"	0.285	0.073	3.925	0
"ItemCritical_20"	-2.226	0.073	-30.627	0
"ItemCritical_21"	-7.825	0.073	-107.662	0
"ItemCritical_22"	-3.007	0.073	-41.37	0
"ItemCritical_23"	-1.584	0.073	-21.797	0
"ItemCritical_24"	-8.134	0.073	-111.91	0
"ItemCritical_25"	-7.753	0.073	-106.67	0
"ItemCritical_26"	-0.301	0.073	-4.144	0
"ItemCritical_27"	-5.617	0.073	-77.281	0
"ItemCritical_28"	3.272	0.073	45.023	0
"ItemCritical_29"	1.355	0.073	18.649	0
"ItemCritical_3"	-7.018	0.073	-96.553	0
"ItemCritical_30"	-7.942	0.073	-109.271	0
"ItemCritical_31"	-3.052	0.073	-41.988	0
"ItemCritical_32"	-2.041	0.073	-28.081	0
"ItemCritical_33"	-0.442	0.073	-6.078	0
"ItemCritical_34"	-0.52	0.073	-7.152	0
"ItemCritical_35"	0.013	0.073	0.181	0.856
"ItemCritical_36"	0.523	0.073	7.19	0
"ItemCritical_4"	-7.455	0.073	-102.569	0
"ItemCritical_5"	-3.43	0.073	-47.19	0
"ItemCritical_7"	-7.747	0.073	-106.585	0
"ItemCritical_8"	-7.968	0.073	-109.62	0
"ItemCritical_9"	-6.971	0.073	-95.904	0
"ItemMixed_1"	1.151	0.073	15.841	0
"ItemMixed_11"	-4.186	0.073	-57.593	0
"ItemMixed_12"	-3.351	0.073	-46.106	0
"ItemMixed_13"	-3.734	0.073	-51.375	0
"ItemMixed_14"	-7.28	0.073	-100.155	0
"ItemMixed_15"	0.573	0.073	7.889	0
"ItemMixed_16"	-1.125	0.073	-15.476	0
"ItemMixed_17"	-7.904	0.073	-108.738	0
"ItemMixed_18"	-7.386	0.073	-101.623	0
"ItemMixed_19"	-0.767	0.073	-10.549	0
"ItemMixed_2"	-2.61	0.073	-35.907	0
"ItemMixed_21"	-4.873	0.073	-67.044	0
"ItemMixed_22"	1.896	0.073	26.092	0
"ItemMixed_23"	-3.257	0.073	-44.811	0
"ItemMixed_24"	-1.285	0.073	-17.684	0
"ItemMixed_25"	-3.44	0.073	-47.323	0
"ItemMixed_26"	-2.363	0.073	-32.508	0
"ItemMixed_27"	-5.231	0.073	-71.965	0
"ItemMixed_28"	-3.109	0.073	-42.77	0
"ItemMixed_29"	-7.666	0.073	-105.475	0
"ItemMixed_3"	-7.164	0.073	-98.562	0
"ItemMixed_30"	-3.204	0.073	-44.083	0
"ItemMixed_31"	3.044	0.073	41.876	0
"ItemMixed_32"	-5.304	0.073	-72.98	0
"ItemMixed_33"	-5.288	0.073	-72.752	0
"ItemMixed_34"	-7.823	0.073	-107.633	0
"ItemMixed_35"	1.6	0.073	22.01	0
"ItemMixed_36"	-0.248	0.073	-3.411	0.001
"ItemMixed_37"	-1.994	0.073	-27.43	0
"ItemMixed_38"	0.32	0.073	4.397	0
"ItemMixed_39"	-7.663	0.073	-105.431	0
"ItemMixed_4"	-7.211	0.073	-99.209	0
"ItemMixed_40"	-4.84	0.073	-66.583	0
"ItemMixed_41"	-2.397	0.073	-32.973	0
"ItemMixed_42"	0.235	0.073	3.236	0.001
"ItemMixed_43"	-5.238	0.073	-72.068	0
"ItemMixed_5"	-0.864	0.073	-11.889	0
"ItemMixed_6"	0.673	0.073	9.266	0
"ItemMixed_7"	-7.156	0.073	-98.456	0
"ItemMixed_8"	-5.465	0.073	-75.185	0
"ItemMixed_9"	-7.572	0.073	-104.171	0
"Item232_Critical_0"	-7.955	0.073	-109.45	0
"Item232_Critical_1"	-3.892	0.073	-53.543	0
"Item232_Critical_10"	-6.575	0.073	-90.46	0
"Item232_Critical_11"	-2.441	0.073	-33.589	0
"Item232_Critical_12"	-1.697	0.073	-23.342	0
"Item232_Critical_13"	-3.922	0.073	-53.954	0
"Item232_Critical_14"	-7.415	0.073	-102.012	0
"Item232_Critical_15"	-3.193	0.073	-43.936	0
"Item232_Critical_16"	-2.156	0.073	-29.667	0
"Item232_Critical_17"	-8.036	0.073	-110.567	0
"Item232_Critical_18"	-7.77	0.073	-106.907	0
"Item232_Critical_19"	-2.856	0.073	-39.289	0
"Item232_Critical_2"	-8.07	0.073	-111.033	0
"Item232_Critical_20"	-4.448	0.073	-61.2	0
"Item232_Critical_21"	-1.25	0.073	-17.202	0
"Item232_Critical_23"	-4	0.073	-55.038	0
"Item232_Critical_24"	-3.635	0.073	-50.013	0
"Item232_Critical_25"	-7.547	0.073	-103.828	0
"Item232_Critical_26"	-7.643	0.073	-105.156	0
"Item232_Critical_27"	-1.582	0.073	-21.759	0
"Item232_Critical_28"	-3.618	0.073	-49.782	0
"Item232_Critical_3"	-6.734	0.073	-92.649	0
"Item232_Critical_30"	-7.713	0.073	-106.112	0
"Item232_Critical_4"	0.062	0.073	0.859	0.39
"Item232_Critical_5"	-4.29	0.073	-59.019	0
"Item232_Critical_6"	-5.287	0.073	-72.744	0
"Item232_Critical_7"	-2.81	0.073	-38.657	0
"Item232_Critical_8"	-3.329	0.073	-45.802	0
"Item232_Critical_9"	-7.846	0.073	-107.947	0
"Item238_Critical_Vadv1"	0.019	0.13	0.142	0.887
"Item238_Critical_VAdv1"	0.002	0.13	0.013	0.99
"Item238_Critical_Vadv2"	1.958	0.073	26.936	0
"Item238_Critical_Vadv3"	-4.66	0.073	-64.119	0
"Item238_Critical_Vadv5"	-3.522	0.073	-48.453	0
"Item238_Critical_Vadv6"	-3.636	0.073	-50.031	0
"Item238_Critical_Vadv7"	-2.872	0.073	-39.507	0
"Item238_Critical_Vadv8"	-7.705	0.073	-106.012	0
"Item238_Critical_Vadv9"	-3.707	0.073	-51.002	0
"Item238_Critical_VN1"	-7.905	0.073	-108.752	0
"Item238_Critical_VN2"	-2.955	0.073	-40.662	0
"Item238_Critical_VN3"	-2.042	0.073	-28.094	0
"Item238_Critical_VN5"	-0.6	0.073	-8.25	0
"ItemCritical_6"	-7.126	0.073	-98.035	0
"EmbBias.C"	-0.023	0.047	-0.488	0.626
"SC.C"	0.317	0.103	3.088	0.002
"RC.C:compatible.C"	0.116	0.184	0.629	0.529
"RC.C:Item232_Critical_29"	-0.301	0.13	-2.318	0.02
"RC.C:Item232_Critical_31"	-0.094	0.13	-0.721	0.471
"RC.C:ItemCritical_0"	-0.621	0.13	-4.778	0
"RC.C:ItemCritical_1"	-0.577	0.13	-4.435	0
"RC.C:ItemCritical_10"	-0.494	0.13	-3.802	0
"RC.C:ItemCritical_11"	1.522	0.13	11.706	0
"RC.C:ItemCritical_12"	0.256	0.13	1.969	0.049
"RC.C:ItemCritical_13"	2.156	0.13	16.582	0
"RC.C:ItemCritical_14"	0.629	0.13	4.84	0
"RC.C:ItemCritical_15"	-0.535	0.13	-4.117	0
"RC.C:ItemCritical_16"	0.582	0.13	4.478	0
"RC.C:ItemCritical_17"	1.535	0.13	11.808	0
"RC.C:ItemCritical_18"	-0.082	0.13	-0.634	0.526
"RC.C:ItemCritical_19"	1.897	0.13	14.588	0
"RC.C:ItemCritical_2"	-0.407	0.13	-3.128	0.002
"RC.C:ItemCritical_20"	0.531	0.13	4.088	0
"RC.C:ItemCritical_21"	1.167	0.13	8.975	0
"RC.C:ItemCritical_22"	1.157	0.13	8.897	0
"RC.C:ItemCritical_23"	-0.49	0.13	-3.772	0
"RC.C:ItemCritical_24"	-0.673	0.13	-5.178	0
"RC.C:ItemCritical_25"	-0.615	0.13	-4.73	0
"RC.C:ItemCritical_26"	-0.359	0.13	-2.761	0.006
"RC.C:ItemCritical_27"	-0.586	0.13	-4.506	0
"RC.C:ItemCritical_28"	-0.508	0.13	-3.909	0
"RC.C:ItemCritical_29"	-0.511	0.13	-3.929	0
"RC.C:ItemCritical_3"	1.72	0.13	13.227	0
"RC.C:ItemCritical_30"	0.202	0.13	1.557	0.119
"RC.C:ItemCritical_31"	-0.58	0.13	-4.464	0
"RC.C:ItemCritical_32"	-0.529	0.13	-4.067	0
"RC.C:ItemCritical_33"	-0.193	0.13	-1.485	0.137
"RC.C:ItemCritical_34"	-0.893	0.13	-6.869	0
"RC.C:ItemCritical_35"	-0.852	0.13	-6.553	0
"RC.C:ItemCritical_36"	-0.557	0.13	-4.283	0
"RC.C:ItemCritical_4"	-0.619	0.13	-4.759	0
"RC.C:ItemCritical_5"	0.386	0.13	2.969	0.003
"RC.C:ItemCritical_7"	-0.371	0.13	-2.854	0.004
"RC.C:ItemCritical_8"	-0.537	0.13	-4.134	0
"RC.C:ItemCritical_9"	0.885	0.13	6.807	0
"RC.C:ItemMixed_1"	0.504	0.13	3.877	0
"RC.C:ItemMixed_11"	0.261	0.13	2.007	0.045
"RC.C:ItemMixed_12"	0.25	0.13	1.92	0.055
"RC.C:ItemMixed_13"	-0.638	0.13	-4.906	0
"RC.C:ItemMixed_14"	0.333	0.13	2.562	0.01
"RC.C:ItemMixed_15"	-0.411	0.13	-3.159	0.002
"RC.C:ItemMixed_16"	0.82	0.13	6.303	0
"RC.C:ItemMixed_17"	-0.816	0.13	-6.277	0
"RC.C:ItemMixed_18"	-0.665	0.13	-5.118	0
"RC.C:ItemMixed_19"	-0.255	0.13	-1.963	0.05
"RC.C:ItemMixed_2"	0.204	0.13	1.568	0.117
"RC.C:ItemMixed_21"	1.529	0.13	11.76	0
"RC.C:ItemMixed_22"	-0.23	0.13	-1.772	0.076
"RC.C:ItemMixed_23"	0.629	0.13	4.838	0
"RC.C:ItemMixed_24"	-0.465	0.13	-3.573	0
"RC.C:ItemMixed_25"	-1.282	0.13	-9.86	0
"RC.C:ItemMixed_26"	-0.42	0.13	-3.231	0.001
"RC.C:ItemMixed_27"	-0.232	0.13	-1.788	0.074
"RC.C:ItemMixed_28"	1.87	0.13	14.383	0
"RC.C:ItemMixed_29"	-0.649	0.13	-4.989	0
"RC.C:ItemMixed_3"	2.182	0.13	16.778	0
"RC.C:ItemMixed_30"	1.428	0.13	10.986	0
"RC.C:ItemMixed_31"	-0.112	0.13	-0.859	0.39
"RC.C:ItemMixed_32"	0.163	0.13	1.251	0.211
"RC.C:ItemMixed_33"	0.535	0.13	4.114	0
"RC.C:ItemMixed_34"	-1.036	0.13	-7.967	0
"RC.C:ItemMixed_35"	-0.28	0.13	-2.153	0.031
"RC.C:ItemMixed_36"	0.853	0.13	6.56	0
"RC.C:ItemMixed_37"	0.609	0.13	4.683	0
"RC.C:ItemMixed_38"	1.178	0.13	9.06	0
"RC.C:ItemMixed_39"	1.066	0.13	8.201	0
"RC.C:ItemMixed_4"	-0.326	0.13	-2.509	0.012
"RC.C:ItemMixed_40"	0.305	0.13	2.344	0.019
"RC.C:ItemMixed_41"	-0.465	0.13	-3.573	0
"RC.C:ItemMixed_42"	1.043	0.13	8.022	0
"RC.C:ItemMixed_43"	-0.496	0.13	-3.814	0
"RC.C:ItemMixed_5"	-0.052	0.13	-0.398	0.691
"RC.C:ItemMixed_6"	-0.013	0.13	-0.097	0.922
"RC.C:ItemMixed_7"	-0.235	0.13	-1.805	0.071
"RC.C:ItemMixed_8"	0.61	0.13	4.694	0
"RC.C:ItemMixed_9"	-0.349	0.13	-2.687	0.007
"RC.C:Item232_Critical_0"	-0.451	0.13	-3.469	0.001
"RC.C:Item232_Critical_1"	-0.346	0.13	-2.66	0.008
"RC.C:Item232_Critical_10"	-0.782	0.13	-6.014	0
"RC.C:Item232_Critical_11"	-0.506	0.13	-3.891	0
"RC.C:Item232_Critical_12"	-0.236	0.13	-1.817	0.069
"RC.C:Item232_Critical_13"	-0.347	0.13	-2.667	0.008
"RC.C:Item232_Critical_14"	-0.415	0.13	-3.189	0.001
"RC.C:Item232_Critical_15"	-0.402	0.13	-3.093	0.002
"RC.C:Item232_Critical_16"	0.128	0.13	0.983	0.325
"RC.C:Item232_Critical_17"	-0.057	0.13	-0.442	0.659
"RC.C:Item232_Critical_18"	-0.423	0.13	-3.253	0.001
"RC.C:Item232_Critical_19"	0.244	0.13	1.876	0.061
"RC.C:Item232_Critical_2"	-0.24	0.13	-1.849	0.065
"RC.C:Item232_Critical_20"	-0.14	0.13	-1.073	0.283
"RC.C:Item232_Critical_21"	0.072	0.13	0.557	0.577
"RC.C:Item232_Critical_23"	-0.144	0.13	-1.108	0.268
"RC.C:Item232_Critical_24"	-0.051	0.13	-0.39	0.697
"RC.C:Item232_Critical_25"	0.124	0.13	0.956	0.339
"RC.C:Item232_Critical_26"	0.054	0.13	0.417	0.676
"RC.C:Item232_Critical_27"	-0.375	0.13	-2.881	0.004
"RC.C:Item232_Critical_28"	-0.498	0.13	-3.833	0
"RC.C:Item232_Critical_3"	-0.387	0.13	-2.98	0.003
"RC.C:Item232_Critical_30"	0.381	0.13	2.928	0.003
"RC.C:Item232_Critical_4"	0.93	0.13	7.151	0
"RC.C:Item232_Critical_5"	-0.044	0.13	-0.335	0.737
"RC.C:Item232_Critical_6"	-0.482	0.13	-3.709	0
"RC.C:Item232_Critical_7"	-0.119	0.13	-0.913	0.361
"RC.C:Item232_Critical_8"	-0.062	0.13	-0.475	0.635
"RC.C:Item232_Critical_9"	0.133	0.13	1.02	0.308
"RC.C:Item238_Critical_Vadv1"	-0.618	0.184	-3.358	0.001
"RC.C:Item238_Critical_VAdv1"	-1.339	0.184	-7.281	0
"RC.C:Item238_Critical_Vadv2"	0.533	0.13	4.098	0
"RC.C:Item238_Critical_Vadv3"	-0.605	0.13	-4.65	0
"RC.C:Item238_Critical_Vadv5"	0.273	0.13	2.097	0.036
"RC.C:Item238_Critical_Vadv6"	0.345	0.13	2.657	0.008
"RC.C:Item238_Critical_Vadv7"	0.348	0.13	2.676	0.007
"RC.C:Item238_Critical_Vadv8"	0.721	0.13	5.543	0
"RC.C:Item238_Critical_Vadv9"	0.128	0.13	0.981	0.327
"RC.C:Item238_Critical_VN1"	0.319	0.13	2.456	0.014
"RC.C:Item238_Critical_VN2"	-0.499	0.13	-3.837	0
"RC.C:Item238_Critical_VN3"	-0.349	0.13	-2.688	0.007
"RC.C:Item238_Critical_VN5"	-0.41	0.13	-3.153	0.002
"RC.C:ItemCritical_6"	-0.386	0.13	-2.969	0.003
"compatible.C:Item232_Critical_29"	1.94	0.13	14.921	0
"compatible.C:Item232_Critical_31"	1.195	0.13	9.19	0
"compatible.C:ItemCritical_0"	1.089	0.13	8.379	0
"compatible.C:ItemCritical_1"	-1.306	0.13	-10.048	0
"compatible.C:ItemCritical_10"	-0.868	0.13	-6.673	0
"compatible.C:ItemCritical_11"	1.116	0.13	8.585	0
"compatible.C:ItemCritical_12"	2.594	0.13	19.952	0
"compatible.C:ItemCritical_13"	0.684	0.13	5.261	0
"compatible.C:ItemCritical_14"	2.356	0.13	18.121	0
"compatible.C:ItemCritical_15"	2.268	0.13	17.444	0
"compatible.C:ItemCritical_16"	1.276	0.13	9.817	0
"compatible.C:ItemCritical_17"	0.896	0.13	6.89	0
"compatible.C:ItemCritical_18"	0.717	0.13	5.515	0
"compatible.C:ItemCritical_19"	-0.255	0.13	-1.959	0.05
"compatible.C:ItemCritical_2"	0.998	0.13	7.676	0
"compatible.C:ItemCritical_20"	0.545	0.13	4.19	0
"compatible.C:ItemCritical_21"	0.006	0.13	0.042	0.966
"compatible.C:ItemCritical_22"	0.733	0.13	5.64	0
"compatible.C:ItemCritical_23"	0.785	0.13	6.039	0
"compatible.C:ItemCritical_24"	1.26	0.13	9.692	0
"compatible.C:ItemCritical_25"	2.396	0.13	18.431	0
"compatible.C:ItemCritical_26"	-1.329	0.13	-10.22	0
"compatible.C:ItemCritical_27"	-0.75	0.13	-5.765	0
"compatible.C:ItemCritical_28"	-0.244	0.13	-1.876	0.061
"compatible.C:ItemCritical_29"	0.233	0.13	1.79	0.073
"compatible.C:ItemCritical_3"	1.177	0.13	9.054	0
"compatible.C:ItemCritical_30"	0.677	0.13	5.208	0
"compatible.C:ItemCritical_31"	-0.818	0.13	-6.288	0
"compatible.C:ItemCritical_32"	0.059	0.13	0.458	0.647
"compatible.C:ItemCritical_33"	0.289	0.13	2.222	0.026
"compatible.C:ItemCritical_34"	0.376	0.13	2.893	0.004
"compatible.C:ItemCritical_35"	-0.677	0.13	-5.208	0
"compatible.C:ItemCritical_36"	-0.055	0.13	-0.425	0.671
"compatible.C:ItemCritical_4"	1.01	0.13	7.769	0
"compatible.C:ItemCritical_5"	0.535	0.13	4.118	0
"compatible.C:ItemCritical_7"	1.994	0.13	15.334	0
"compatible.C:ItemCritical_8"	1.719	0.13	13.218	0
"compatible.C:ItemCritical_9"	1.257	0.13	9.668	0
"compatible.C:ItemMixed_1"	0.631	0.13	4.85	0
"compatible.C:ItemMixed_11"	-0.197	0.13	-1.513	0.13
"compatible.C:ItemMixed_12"	0.458	0.13	3.523	0
"compatible.C:ItemMixed_13"	0.393	0.13	3.023	0.003
"compatible.C:ItemMixed_14"	-0.41	0.13	-3.156	0.002
"compatible.C:ItemMixed_15"	-0.499	0.13	-3.839	0
"compatible.C:ItemMixed_16"	0.371	0.13	2.856	0.004
"compatible.C:ItemMixed_17"	0.555	0.13	4.267	0
"compatible.C:ItemMixed_18"	0.613	0.13	4.713	0
"compatible.C:ItemMixed_19"	-0.21	0.13	-1.613	0.107
"compatible.C:ItemMixed_2"	2.719	0.13	20.913	0
"compatible.C:ItemMixed_21"	1.167	0.13	8.974	0
"compatible.C:ItemMixed_22"	-0.42	0.13	-3.228	0.001
"compatible.C:ItemMixed_23"	2.578	0.13	19.83	0
"compatible.C:ItemMixed_24"	1.006	0.13	7.734	0
"compatible.C:ItemMixed_25"	0.178	0.13	1.368	0.171
"compatible.C:ItemMixed_26"	0.453	0.13	3.483	0
"compatible.C:ItemMixed_27"	0.6	0.13	4.612	0
"compatible.C:ItemMixed_28"	-0.788	0.13	-6.062	0
"compatible.C:ItemMixed_29"	1.121	0.13	8.623	0
"compatible.C:ItemMixed_3"	0.822	0.13	6.322	0
"compatible.C:ItemMixed_30"	0.787	0.13	6.049	0
"compatible.C:ItemMixed_31"	1.031	0.13	7.932	0
"compatible.C:ItemMixed_32"	-0.908	0.13	-6.982	0
"compatible.C:ItemMixed_33"	1.96	0.13	15.078	0
"compatible.C:ItemMixed_34"	-0.001	0.13	-0.007	0.994
"compatible.C:ItemMixed_35"	-0.543	0.13	-4.174	0
"compatible.C:ItemMixed_36"	0.072	0.13	0.557	0.578
"compatible.C:ItemMixed_37"	0.993	0.13	7.636	0
"compatible.C:ItemMixed_38"	-0.109	0.13	-0.839	0.402
"compatible.C:ItemMixed_39"	1.072	0.13	8.245	0
"compatible.C:ItemMixed_4"	0.773	0.13	5.944	0
"compatible.C:ItemMixed_40"	0.727	0.13	5.595	0
"compatible.C:ItemMixed_41"	2.332	0.13	17.934	0
"compatible.C:ItemMixed_42"	1.079	0.13	8.297	0
"compatible.C:ItemMixed_43"	0.318	0.13	2.442	0.015
"compatible.C:ItemMixed_5"	1.659	0.13	12.758	0
"compatible.C:ItemMixed_6"	0.608	0.13	4.674	0
"compatible.C:ItemMixed_7"	-0.513	0.13	-3.944	0
"compatible.C:ItemMixed_8"	-0.407	0.13	-3.13	0.002
"compatible.C:ItemMixed_9"	-0.009	0.13	-0.072	0.943
"compatible.C:Item232_Critical_0"	0.349	0.13	2.686	0.007
"compatible.C:Item232_Critical_1"	-0.093	0.13	-0.719	0.472
"compatible.C:Item232_Critical_10"	0.055	0.13	0.421	0.674
"compatible.C:Item232_Critical_11"	-2.034	0.13	-15.641	0
"compatible.C:Item232_Critical_12"	-0.348	0.13	-2.675	0.007
"compatible.C:Item232_Critical_13"	-0.465	0.13	-3.578	0
"compatible.C:Item232_Critical_14"	-0.555	0.13	-4.269	0
"compatible.C:Item232_Critical_15"	-0.969	0.13	-7.45	0
"compatible.C:Item232_Critical_16"	1.23	0.13	9.46	0
"compatible.C:Item232_Critical_17"	0.745	0.13	5.727	0
"compatible.C:Item232_Critical_18"	0.649	0.13	4.994	0
"compatible.C:Item232_Critical_19"	0.34	0.13	2.611	0.009
"compatible.C:Item232_Critical_2"	0.245	0.13	1.886	0.059
"compatible.C:Item232_Critical_20"	0.145	0.13	1.111	0.266
"compatible.C:Item232_Critical_21"	0.033	0.13	0.25	0.802
"compatible.C:Item232_Critical_23"	-0.367	0.13	-2.819	0.005
"compatible.C:Item232_Critical_24"	1.04	0.13	8.002	0
"compatible.C:Item232_Critical_25"	0.167	0.13	1.283	0.199
"compatible.C:Item232_Critical_26"	1.226	0.13	9.426	0
"compatible.C:Item232_Critical_27"	-0.284	0.13	-2.185	0.029
"compatible.C:Item232_Critical_28"	1.482	0.13	11.396	0
"compatible.C:Item232_Critical_3"	0.171	0.13	1.312	0.19
"compatible.C:Item232_Critical_30"	0.442	0.13	3.398	0.001
"compatible.C:Item232_Critical_4"	0.964	0.13	7.413	0
"compatible.C:Item232_Critical_5"	1.268	0.13	9.753	0
"compatible.C:Item232_Critical_6"	0.244	0.13	1.875	0.061
"compatible.C:Item232_Critical_7"	0.42	0.13	3.233	0.001
"compatible.C:Item232_Critical_8"	-0.028	0.13	-0.214	0.831
"compatible.C:Item232_Critical_9"	-0.723	0.13	-5.563	0
"compatible.C:Item238_Critical_Vadv1"	-0.563	0.318	-1.768	0.077
"compatible.C:Item238_Critical_VAdv1"	4.146	0.318	13.018	0
"compatible.C:Item238_Critical_Vadv2"	0.704	0.13	5.414	0
"compatible.C:Item238_Critical_Vadv3"	1.312	0.13	10.093	0
"compatible.C:Item238_Critical_Vadv5"	0.549	0.13	4.225	0
"compatible.C:Item238_Critical_Vadv6"	-0.068	0.13	-0.526	0.599
"compatible.C:Item238_Critical_Vadv7"	1.414	0.13	10.876	0
"compatible.C:Item238_Critical_Vadv8"	1.182	0.13	9.093	0
"compatible.C:Item238_Critical_Vadv9"	0.608	0.13	4.677	0
"compatible.C:Item238_Critical_VN1"	0.734	0.13	5.647	0
"compatible.C:Item238_Critical_VN2"	-0.777	0.13	-5.978	0
"compatible.C:Item238_Critical_VN3"	0	0.13	0.003	0.998
"compatible.C:Item238_Critical_VN5"	0.258	0.13	1.983	0.047
"compatible.C:ItemCritical_6"	1.221	0.13	9.393	0
"RC.C:EmbBias.C"	0.032	0.084	0.385	0.7
"Item232_Critical_29:EmbBias.C"	-0.064	0.066	-0.965	0.335
"Item232_Critical_31:EmbBias.C"	0.038	0.066	0.566	0.571
"ItemCritical_0:EmbBias.C"	0.074	0.066	1.117	0.264
"ItemCritical_1:EmbBias.C"	0.191	0.066	2.872	0.004
"ItemCritical_10:EmbBias.C"	0.022	0.066	0.334	0.739
"ItemCritical_11:EmbBias.C"	-0.06	0.066	-0.898	0.369
"ItemCritical_12:EmbBias.C"	-0.044	0.066	-0.665	0.506
"ItemCritical_13:EmbBias.C"	-0.175	0.066	-2.632	0.008
"ItemCritical_14:EmbBias.C"	-0.029	0.066	-0.441	0.659
"ItemCritical_15:EmbBias.C"	0.044	0.066	0.659	0.51
"ItemCritical_16:EmbBias.C"	-0.003	0.066	-0.047	0.963
"ItemCritical_17:EmbBias.C"	-0.048	0.066	-0.715	0.474
"ItemCritical_18:EmbBias.C"	-0.015	0.066	-0.219	0.827
"ItemCritical_19:EmbBias.C"	-0.087	0.066	-1.31	0.19
"ItemCritical_2:EmbBias.C"	0.029	0.066	0.431	0.666
"ItemCritical_20:EmbBias.C"	-0.207	0.066	-3.115	0.002
"ItemCritical_21:EmbBias.C"	-0.066	0.066	-0.996	0.319
"ItemCritical_22:EmbBias.C"	-0.235	0.066	-3.535	0
"ItemCritical_23:EmbBias.C"	0.169	0.066	2.541	0.011
"ItemCritical_24:EmbBias.C"	0.071	0.066	1.072	0.284
"ItemCritical_25:EmbBias.C"	0.043	0.066	0.646	0.519
"ItemCritical_26:EmbBias.C"	-0.041	0.066	-0.616	0.538
"ItemCritical_27:EmbBias.C"	0.267	0.066	4.02	0
"ItemCritical_28:EmbBias.C"	-0.01	0.066	-0.147	0.883
"ItemCritical_29:EmbBias.C"	0.079	0.066	1.188	0.235
"ItemCritical_3:EmbBias.C"	-0.062	0.066	-0.927	0.354
"ItemCritical_30:EmbBias.C"	0.109	0.066	1.639	0.101
"ItemCritical_31:EmbBias.C"	-0.183	0.066	-2.747	0.006
"ItemCritical_32:EmbBias.C"	-0.008	0.066	-0.127	0.899
"ItemCritical_33:EmbBias.C"	0.008	0.066	0.115	0.908
"ItemCritical_34:EmbBias.C"	0.048	0.066	0.729	0.466
"ItemCritical_35:EmbBias.C"	0.013	0.066	0.197	0.844
"ItemCritical_36:EmbBias.C"	-0.014	0.066	-0.214	0.831
"ItemCritical_4:EmbBias.C"	0.034	0.066	0.508	0.611
"ItemCritical_5:EmbBias.C"	0.075	0.066	1.121	0.262
"ItemCritical_7:EmbBias.C"	0.02	0.066	0.298	0.766
"ItemCritical_8:EmbBias.C"	0.014	0.066	0.218	0.827
"ItemCritical_9:EmbBias.C"	0.001	0.066	0.021	0.983
"ItemMixed_1:EmbBias.C"	0.007	0.066	0.109	0.913
"ItemMixed_11:EmbBias.C"	0.088	0.066	1.322	0.186
"ItemMixed_12:EmbBias.C"	0.069	0.066	1.035	0.301
"ItemMixed_13:EmbBias.C"	-0.161	0.066	-2.416	0.016
"ItemMixed_14:EmbBias.C"	0.133	0.066	2.002	0.045
"ItemMixed_15:EmbBias.C"	-0.039	0.066	-0.591	0.555
"ItemMixed_16:EmbBias.C"	-0.177	0.066	-2.656	0.008
"ItemMixed_17:EmbBias.C"	0.058	0.066	0.87	0.384
"ItemMixed_18:EmbBias.C"	0.059	0.066	0.88	0.379
"ItemMixed_19:EmbBias.C"	-0.145	0.066	-2.184	0.029
"ItemMixed_2:EmbBias.C"	0.007	0.066	0.098	0.922
"ItemMixed_21:EmbBias.C"	-0.027	0.066	-0.401	0.689
"ItemMixed_22:EmbBias.C"	-0.06	0.066	-0.903	0.367
"ItemMixed_23:EmbBias.C"	-0.011	0.066	-0.164	0.87
"ItemMixed_24:EmbBias.C"	0.092	0.066	1.382	0.167
"ItemMixed_25:EmbBias.C"	-0.196	0.066	-2.944	0.003
"ItemMixed_26:EmbBias.C"	0.126	0.066	1.901	0.057
"ItemMixed_27:EmbBias.C"	0.259	0.066	3.893	0
"ItemMixed_28:EmbBias.C"	-0.128	0.066	-1.924	0.054
"ItemMixed_29:EmbBias.C"	0.075	0.066	1.121	0.262
"ItemMixed_3:EmbBias.C"	-0.146	0.066	-2.198	0.028
"ItemMixed_30:EmbBias.C"	-0.049	0.066	-0.735	0.462
"ItemMixed_31:EmbBias.C"	-0.027	0.066	-0.407	0.684
"ItemMixed_32:EmbBias.C"	0.054	0.066	0.809	0.419
"ItemMixed_33:EmbBias.C"	0.003	0.066	0.047	0.962
"ItemMixed_34:EmbBias.C"	0.096	0.066	1.45	0.147
"ItemMixed_35:EmbBias.C"	0.041	0.066	0.611	0.541
"ItemMixed_36:EmbBias.C"	0.165	0.066	2.488	0.013
"ItemMixed_37:EmbBias.C"	0.149	0.066	2.237	0.025
"ItemMixed_38:EmbBias.C"	-0.121	0.066	-1.825	0.068
"ItemMixed_39:EmbBias.C"	-0.025	0.066	-0.375	0.708
"ItemMixed_4:EmbBias.C"	0.061	0.066	0.921	0.357
"ItemMixed_40:EmbBias.C"	0.102	0.066	1.535	0.125
"ItemMixed_41:EmbBias.C"	-0.15	0.066	-2.249	0.025
"ItemMixed_42:EmbBias.C"	-0.143	0.066	-2.156	0.031
"ItemMixed_43:EmbBias.C"	0.073	0.066	1.105	0.269
"ItemMixed_5:EmbBias.C"	0.067	0.066	1.007	0.314
"ItemMixed_6:EmbBias.C"	-0.026	0.066	-0.393	0.694
"ItemMixed_7:EmbBias.C"	0.029	0.066	0.443	0.658
"ItemMixed_8:EmbBias.C"	0.256	0.066	3.849	0
"ItemMixed_9:EmbBias.C"	0.034	0.066	0.517	0.605
"Item232_Critical_0:EmbBias.C"	0.076	0.066	1.138	0.255
"Item232_Critical_1:EmbBias.C"	-0.139	0.066	-2.097	0.036
"Item232_Critical_10:EmbBias.C"	0.105	0.066	1.572	0.116
"Item232_Critical_11:EmbBias.C"	0.176	0.066	2.642	0.008
"Item232_Critical_12:EmbBias.C"	-0.09	0.066	-1.348	0.178
"Item232_Critical_13:EmbBias.C"	-0.031	0.066	-0.461	0.645
"Item232_Critical_14:EmbBias.C"	0.07	0.066	1.058	0.29
"Item232_Critical_15:EmbBias.C"	0.201	0.066	3.028	0.002
"Item232_Critical_16:EmbBias.C"	-0.038	0.066	-0.567	0.571
"Item232_Critical_17:EmbBias.C"	0.045	0.066	0.683	0.494
"Item232_Critical_18:EmbBias.C"	0.102	0.066	1.53	0.126
"Item232_Critical_19:EmbBias.C"	-0.116	0.066	-1.747	0.081
"Item232_Critical_2:EmbBias.C"	0.091	0.066	1.371	0.17
"Item232_Critical_20:EmbBias.C"	0.044	0.066	0.659	0.51
"Item232_Critical_21:EmbBias.C"	0.062	0.066	0.929	0.353
"Item232_Critical_23:EmbBias.C"	0.074	0.066	1.113	0.266
"Item232_Critical_24:EmbBias.C"	0.144	0.066	2.171	0.03
"Item232_Critical_25:EmbBias.C"	0.106	0.066	1.599	0.11
"Item232_Critical_26:EmbBias.C"	0.022	0.066	0.332	0.74
"Item232_Critical_27:EmbBias.C"	-0.04	0.066	-0.6	0.549
"Item232_Critical_28:EmbBias.C"	0.109	0.066	1.642	0.101
"Item232_Critical_3:EmbBias.C"	0.048	0.066	0.722	0.47
"Item232_Critical_30:EmbBias.C"	0.06	0.066	0.9	0.368
"Item232_Critical_4:EmbBias.C"	-0.106	0.066	-1.596	0.11
"Item232_Critical_5:EmbBias.C"	0.105	0.066	1.585	0.113
"Item232_Critical_6:EmbBias.C"	0.239	0.066	3.587	0
"Item232_Critical_7:EmbBias.C"	0.242	0.066	3.641	0
"Item232_Critical_8:EmbBias.C"	-0.101	0.066	-1.517	0.129
"Item232_Critical_9:EmbBias.C"	0.081	0.066	1.211	0.226
"Item238_Critical_Vadv1:EmbBias.C"	-0.005	0.119	-0.039	0.969
"Item238_Critical_VAdv1:EmbBias.C"	0.004	0.119	0.032	0.975
"Item238_Critical_Vadv2:EmbBias.C"	0.019	0.066	0.281	0.779
"Item238_Critical_Vadv3:EmbBias.C"	0.066	0.066	0.985	0.324
"Item238_Critical_Vadv5:EmbBias.C"	0.135	0.066	2.035	0.042
"Item238_Critical_Vadv6:EmbBias.C"	0.136	0.066	2.049	0.04
"Item238_Critical_Vadv7:EmbBias.C"	0.02	0.066	0.307	0.758
"Item238_Critical_Vadv8:EmbBias.C"	0.012	0.066	0.181	0.856
"Item238_Critical_Vadv9:EmbBias.C"	-0.181	0.066	-2.726	0.006
"Item238_Critical_VN1:EmbBias.C"	0.116	0.066	1.738	0.082
"Item238_Critical_VN2:EmbBias.C"	-0.189	0.066	-2.841	0.004
"Item238_Critical_VN3:EmbBias.C"	-0.046	0.066	-0.693	0.488
"Item238_Critical_VN5:EmbBias.C"	0.044	0.066	0.663	0.507
"ItemCritical_6:EmbBias.C"	0.056	0.066	0.84	0.401
"compatible.C:EmbBias.C"	0.038	0.084	0.45	0.653
"EmbBias.C:SC.C"	-0.034	0.094	-0.357	0.721
"Item232_Critical_29:SC.C"	-1.691	0.145	-11.635	0
"Item232_Critical_31:SC.C"	-1.509	0.145	-10.378	0
"ItemCritical_0:SC.C"	2.258	0.145	15.534	0
"ItemCritical_1:SC.C"	0.17	0.145	1.17	0.242
"ItemCritical_10:SC.C"	2.583	0.145	17.767	0
"ItemCritical_11:SC.C"	1.809	0.145	12.447	0
"ItemCritical_12:SC.C"	3.156	0.145	21.711	0
"ItemCritical_13:SC.C"	2.994	0.145	20.598	0
"ItemCritical_14:SC.C"	3.256	0.145	22.397	0
"ItemCritical_15:SC.C"	3.507	0.145	24.122	0
"ItemCritical_16:SC.C"	2.462	0.145	16.94	0
"ItemCritical_17:SC.C"	2.707	0.145	18.62	0
"ItemCritical_18:SC.C"	0.634	0.145	4.362	0
"ItemCritical_19:SC.C"	1.803	0.145	12.4	0
"ItemCritical_2:SC.C"	0.601	0.145	4.135	0
"ItemCritical_20:SC.C"	4.051	0.145	27.866	0
"ItemCritical_21:SC.C"	1.664	0.145	11.444	0
"ItemCritical_22:SC.C"	2.501	0.145	17.207	0
"ItemCritical_23:SC.C"	-0.704	0.145	-4.841	0
"ItemCritical_24:SC.C"	1.072	0.145	7.375	0
"ItemCritical_25:SC.C"	1.837	0.145	12.636	0
"ItemCritical_26:SC.C"	-0.793	0.145	-5.457	0
"ItemCritical_27:SC.C"	1.966	0.145	13.526	0
"ItemCritical_28:SC.C"	1.939	0.145	13.337	0
"ItemCritical_29:SC.C"	0.59	0.145	4.055	0
"ItemCritical_3:SC.C"	3.283	0.145	22.584	0
"ItemCritical_30:SC.C"	1.476	0.145	10.157	0
"ItemCritical_31:SC.C"	2.42	0.145	16.646	0
"ItemCritical_32:SC.C"	1.818	0.145	12.508	0
"ItemCritical_33:SC.C"	-0.389	0.145	-2.674	0.007
"ItemCritical_34:SC.C"	2.277	0.145	15.664	0
"ItemCritical_35:SC.C"	-1.784	0.145	-12.27	0
"ItemCritical_36:SC.C"	0.202	0.145	1.389	0.165
"ItemCritical_4:SC.C"	2.382	0.145	16.385	0
"ItemCritical_5:SC.C"	1.914	0.145	13.167	0
"ItemCritical_7:SC.C"	1.887	0.145	12.982	0
"ItemCritical_8:SC.C"	1.391	0.145	9.571	0
"ItemCritical_9:SC.C"	3.335	0.145	22.943	0
"ItemMixed_1:SC.C"	0.394	0.145	2.713	0.007
"ItemMixed_11:SC.C"	0.318	0.145	2.19	0.029
"ItemMixed_12:SC.C"	2.044	0.145	14.064	0
"ItemMixed_13:SC.C"	1.045	0.145	7.188	0
"ItemMixed_14:SC.C"	2.774	0.145	19.081	0
"ItemMixed_15:SC.C"	0.202	0.145	1.39	0.165
"ItemMixed_16:SC.C"	3.463	0.145	23.82	0
"ItemMixed_17:SC.C"	1.488	0.145	10.238	0
"ItemMixed_18:SC.C"	2.589	0.145	17.812	0
"ItemMixed_19:SC.C"	1.559	0.145	10.725	0
"ItemMixed_2:SC.C"	1.558	0.145	10.715	0
"ItemMixed_21:SC.C"	1.702	0.145	11.706	0
"ItemMixed_22:SC.C"	0.337	0.145	2.318	0.02
"ItemMixed_23:SC.C"	2.209	0.145	15.196	0
"ItemMixed_24:SC.C"	0.85	0.145	5.85	0
"ItemMixed_25:SC.C"	1.596	0.145	10.979	0
"ItemMixed_26:SC.C"	2.006	0.145	13.798	0
"ItemMixed_27:SC.C"	2.828	0.145	19.454	0
"ItemMixed_28:SC.C"	0.522	0.145	3.593	0
"ItemMixed_29:SC.C"	1.995	0.145	13.723	0
"ItemMixed_3:SC.C"	2.971	0.145	20.435	0
"ItemMixed_30:SC.C"	0.279	0.145	1.922	0.055
"ItemMixed_31:SC.C"	1.606	0.145	11.05	0
"ItemMixed_32:SC.C"	0.102	0.145	0.702	0.483
"ItemMixed_33:SC.C"	1.04	0.145	7.154	0
"ItemMixed_34:SC.C"	1.613	0.145	11.098	0
"ItemMixed_35:SC.C"	0.991	0.145	6.821	0
"ItemMixed_36:SC.C"	2.093	0.145	14.395	0
"ItemMixed_37:SC.C"	4.8	0.145	33.019	0
"ItemMixed_38:SC.C"	-0.633	0.145	-4.354	0
"ItemMixed_39:SC.C"	1.999	0.145	13.748	0
"ItemMixed_4:SC.C"	2.869	0.145	19.739	0
"ItemMixed_40:SC.C"	3.608	0.145	24.818	0
"ItemMixed_41:SC.C"	3.722	0.145	25.605	0
"ItemMixed_42:SC.C"	0.282	0.145	1.941	0.052
"ItemMixed_43:SC.C"	0.199	0.145	1.371	0.17
"ItemMixed_5:SC.C"	1.671	0.145	11.493	0
"ItemMixed_6:SC.C"	0.625	0.145	4.3	0
"ItemMixed_7:SC.C"	3.026	0.145	20.818	0
"ItemMixed_8:SC.C"	2.339	0.145	16.089	0
"ItemMixed_9:SC.C"	2.189	0.145	15.058	0
"Item232_Critical_0:SC.C"	1.446	0.145	9.95	0
"Item232_Critical_1:SC.C"	0.754	0.145	5.184	0
"Item232_Critical_10:SC.C"	4.301	0.145	29.588	0
"Item232_Critical_11:SC.C"	4.038	0.145	27.775	0
"Item232_Critical_12:SC.C"	-0.23	0.145	-1.583	0.113
"Item232_Critical_13:SC.C"	0.347	0.145	2.388	0.017
"Item232_Critical_14:SC.C"	2.602	0.145	17.9	0
"Item232_Critical_15:SC.C"	2.437	0.145	16.767	0
"Item232_Critical_16:SC.C"	1.689	0.145	11.622	0
"Item232_Critical_17:SC.C"	1.353	0.145	9.307	0
"Item232_Critical_18:SC.C"	1.903	0.145	13.092	0
"Item232_Critical_19:SC.C"	2.891	0.145	19.888	0
"Item232_Critical_2:SC.C"	1.248	0.145	8.585	0
"Item232_Critical_20:SC.C"	2.728	0.145	18.767	0
"Item232_Critical_21:SC.C"	0.912	0.145	6.276	0
"Item232_Critical_23:SC.C"	-1.168	0.145	-8.036	0
"Item232_Critical_24:SC.C"	0.842	0.145	5.792	0
"Item232_Critical_25:SC.C"	2.349	0.145	16.156	0
"Item232_Critical_26:SC.C"	2.112	0.145	14.529	0
"Item232_Critical_27:SC.C"	0.039	0.145	0.265	0.791
"Item232_Critical_28:SC.C"	1.181	0.145	8.125	0
"Item232_Critical_3:SC.C"	3.951	0.145	27.176	0
"Item232_Critical_30:SC.C"	2.016	0.145	13.871	0
"Item232_Critical_4:SC.C"	-1.385	0.145	-9.526	0
"Item232_Critical_5:SC.C"	0.151	0.145	1.041	0.298
"Item232_Critical_6:SC.C"	2.802	0.145	19.273	0
"Item232_Critical_7:SC.C"	-0.564	0.145	-3.878	0
"Item232_Critical_8:SC.C"	1.937	0.145	13.324	0
"Item232_Critical_9:SC.C"	1.727	0.145	11.879	0
"Item238_Critical_Vadv2:SC.C"	-0.604	0.145	-4.154	0
"Item238_Critical_Vadv3:SC.C"	-0.496	0.145	-3.413	0.001
"Item238_Critical_Vadv5:SC.C"	-0.267	0.145	-1.838	0.066
"Item238_Critical_Vadv6:SC.C"	1.475	0.145	10.149	0
"Item238_Critical_Vadv7:SC.C"	1.094	0.145	7.527	0
"Item238_Critical_Vadv8:SC.C"	2.026	0.145	13.937	0
"Item238_Critical_Vadv9:SC.C"	1.106	0.145	7.608	0
"Item238_Critical_VN1:SC.C"	1.611	0.145	11.08	0
"Item238_Critical_VN2:SC.C"	2.684	0.145	18.464	0
"Item238_Critical_VN3:SC.C"	1.895	0.145	13.038	0
"Item238_Critical_VN5:SC.C"	2.217	0.145	15.249	0
"ItemCritical_6:SC.C"	3.162	0.145	21.752	0
"RC.C:compatible.C:Item232_Critical_29"	-0.103	0.26	-0.396	0.692
"RC.C:compatible.C:Item232_Critical_31"	-0.239	0.26	-0.918	0.358
"RC.C:compatible.C:ItemCritical_0"	-0.628	0.26	-2.415	0.016
"RC.C:compatible.C:ItemCritical_1"	0.207	0.26	0.797	0.426
"RC.C:compatible.C:ItemCritical_10"	-0.447	0.26	-1.721	0.085
"RC.C:compatible.C:ItemCritical_11"	-0.032	0.26	-0.122	0.903
"RC.C:compatible.C:ItemCritical_12"	0.394	0.26	1.514	0.13
"RC.C:compatible.C:ItemCritical_13"	-0.847	0.26	-3.258	0.001
"RC.C:compatible.C:ItemCritical_14"	-0.409	0.26	-1.572	0.116
"RC.C:compatible.C:ItemCritical_15"	0.042	0.26	0.162	0.872
"RC.C:compatible.C:ItemCritical_16"	-0.612	0.26	-2.353	0.019
"RC.C:compatible.C:ItemCritical_17"	0.921	0.26	3.541	0
"RC.C:compatible.C:ItemCritical_18"	0.278	0.26	1.068	0.286
"RC.C:compatible.C:ItemCritical_19"	-0.233	0.26	-0.896	0.37
"RC.C:compatible.C:ItemCritical_2"	-0.236	0.26	-0.906	0.365
"RC.C:compatible.C:ItemCritical_20"	-0.451	0.26	-1.734	0.083
"RC.C:compatible.C:ItemCritical_21"	-0.18	0.26	-0.691	0.49
"RC.C:compatible.C:ItemCritical_22"	-0.345	0.26	-1.326	0.185
"RC.C:compatible.C:ItemCritical_23"	-0.054	0.26	-0.208	0.835
"RC.C:compatible.C:ItemCritical_24"	0.694	0.26	2.668	0.008
"RC.C:compatible.C:ItemCritical_25"	0.384	0.26	1.478	0.139
"RC.C:compatible.C:ItemCritical_26"	0.038	0.26	0.147	0.883
"RC.C:compatible.C:ItemCritical_27"	0.573	0.26	2.204	0.028
"RC.C:compatible.C:ItemCritical_28"	-0.251	0.26	-0.965	0.335
"RC.C:compatible.C:ItemCritical_29"	0.639	0.26	2.459	0.014
"RC.C:compatible.C:ItemCritical_3"	-0.763	0.26	-2.934	0.003
"RC.C:compatible.C:ItemCritical_30"	-0.344	0.26	-1.324	0.185
"RC.C:compatible.C:ItemCritical_31"	-0.501	0.26	-1.928	0.054
"RC.C:compatible.C:ItemCritical_32"	-0.206	0.26	-0.793	0.428
"RC.C:compatible.C:ItemCritical_33"	0.123	0.26	0.472	0.637
"RC.C:compatible.C:ItemCritical_34"	-0.14	0.26	-0.538	0.591
"RC.C:compatible.C:ItemCritical_35"	0.533	0.26	2.049	0.04
"RC.C:compatible.C:ItemCritical_36"	0.757	0.26	2.911	0.004
"RC.C:compatible.C:ItemCritical_4"	-0.424	0.26	-1.632	0.103
"RC.C:compatible.C:ItemCritical_5"	-1.678	0.26	-6.452	0
"RC.C:compatible.C:ItemCritical_7"	0.392	0.26	1.506	0.132
"RC.C:compatible.C:ItemCritical_8"	-0.989	0.26	-3.804	0
"RC.C:compatible.C:ItemCritical_9"	-0.989	0.26	-3.801	0
"RC.C:compatible.C:ItemMixed_1"	-1.003	0.26	-3.859	0
"RC.C:compatible.C:ItemMixed_11"	-0.464	0.26	-1.784	0.074
"RC.C:compatible.C:ItemMixed_12"	-1.975	0.26	-7.597	0
"RC.C:compatible.C:ItemMixed_13"	0.168	0.26	0.647	0.517
"RC.C:compatible.C:ItemMixed_14"	0.312	0.26	1.199	0.231
"RC.C:compatible.C:ItemMixed_15"	-1.043	0.26	-4.011	0
"RC.C:compatible.C:ItemMixed_16"	-1.23	0.26	-4.728	0
"RC.C:compatible.C:ItemMixed_17"	0.044	0.26	0.169	0.866
"RC.C:compatible.C:ItemMixed_18"	-0.102	0.26	-0.393	0.695
"RC.C:compatible.C:ItemMixed_19"	0.806	0.26	3.099	0.002
"RC.C:compatible.C:ItemMixed_2"	-0.13	0.26	-0.499	0.618
"RC.C:compatible.C:ItemMixed_21"	-0.345	0.26	-1.328	0.184
"RC.C:compatible.C:ItemMixed_22"	0.362	0.26	1.391	0.164
"RC.C:compatible.C:ItemMixed_23"	-0.348	0.26	-1.338	0.181
"RC.C:compatible.C:ItemMixed_24"	0.205	0.26	0.788	0.431
"RC.C:compatible.C:ItemMixed_25"	-0.21	0.26	-0.809	0.419
"RC.C:compatible.C:ItemMixed_26"	0.221	0.26	0.849	0.396
"RC.C:compatible.C:ItemMixed_27"	0.162	0.26	0.624	0.533
"RC.C:compatible.C:ItemMixed_28"	-0.005	0.26	-0.018	0.986
"RC.C:compatible.C:ItemMixed_29"	0.102	0.26	0.394	0.694
"RC.C:compatible.C:ItemMixed_3"	-0.892	0.26	-3.429	0.001
"RC.C:compatible.C:ItemMixed_30"	-0.384	0.26	-1.477	0.14
"RC.C:compatible.C:ItemMixed_31"	-0.429	0.26	-1.65	0.099
"RC.C:compatible.C:ItemMixed_32"	0.431	0.26	1.657	0.098
"RC.C:compatible.C:ItemMixed_33"	1.023	0.26	3.933	0
"RC.C:compatible.C:ItemMixed_34"	0.231	0.26	0.889	0.374
"RC.C:compatible.C:ItemMixed_35"	0.159	0.26	0.613	0.54
"RC.C:compatible.C:ItemMixed_36"	-1.211	0.26	-4.655	0
"RC.C:compatible.C:ItemMixed_37"	-0.309	0.26	-1.186	0.235
"RC.C:compatible.C:ItemMixed_38"	-0.051	0.26	-0.196	0.845
"RC.C:compatible.C:ItemMixed_39"	0.634	0.26	2.439	0.015
"RC.C:compatible.C:ItemMixed_4"	0.07	0.26	0.269	0.788
"RC.C:compatible.C:ItemMixed_40"	-0.649	0.26	-2.497	0.013
"RC.C:compatible.C:ItemMixed_41"	0.16	0.26	0.616	0.538
"RC.C:compatible.C:ItemMixed_42"	-0.435	0.26	-1.674	0.094
"RC.C:compatible.C:ItemMixed_43"	-0.114	0.26	-0.44	0.66
"RC.C:compatible.C:ItemMixed_5"	-0.855	0.26	-3.288	0.001
"RC.C:compatible.C:ItemMixed_6"	0.402	0.26	1.546	0.122
"RC.C:compatible.C:ItemMixed_7"	-0.745	0.26	-2.865	0.004
"RC.C:compatible.C:ItemMixed_8"	0.147	0.26	0.565	0.572
"RC.C:compatible.C:ItemMixed_9"	-0.069	0.26	-0.264	0.792
"RC.C:compatible.C:Item232_Critical_0"	-0.004	0.26	-0.014	0.989
"RC.C:compatible.C:Item232_Critical_1"	-0.132	0.26	-0.509	0.611
"RC.C:compatible.C:Item232_Critical_10"	-0.401	0.26	-1.542	0.123
"RC.C:compatible.C:Item232_Critical_11"	-0.907	0.26	-3.486	0
"RC.C:compatible.C:Item232_Critical_12"	0.48	0.26	1.846	0.065
"RC.C:compatible.C:Item232_Critical_13"	0.208	0.26	0.8	0.424
"RC.C:compatible.C:Item232_Critical_14"	-0.166	0.26	-0.639	0.523
"RC.C:compatible.C:Item232_Critical_15"	-0.635	0.26	-2.44	0.015
"RC.C:compatible.C:Item232_Critical_16"	-0.186	0.26	-0.713	0.476
"RC.C:compatible.C:Item232_Critical_17"	0.409	0.26	1.573	0.116
"RC.C:compatible.C:Item232_Critical_18"	0.46	0.26	1.768	0.077
"RC.C:compatible.C:Item232_Critical_19"	-0.363	0.26	-1.397	0.162
"RC.C:compatible.C:Item232_Critical_2"	-0.083	0.26	-0.319	0.75
"RC.C:compatible.C:Item232_Critical_20"	-0.155	0.26	-0.597	0.55
"RC.C:compatible.C:Item232_Critical_21"	-0.253	0.26	-0.973	0.33
"RC.C:compatible.C:Item232_Critical_23"	-0.338	0.26	-1.301	0.193
"RC.C:compatible.C:Item232_Critical_24"	-0.491	0.26	-1.888	0.059
"RC.C:compatible.C:Item232_Critical_25"	0.337	0.26	1.297	0.195
"RC.C:compatible.C:Item232_Critical_26"	-0.424	0.26	-1.63	0.103
"RC.C:compatible.C:Item232_Critical_27"	0.227	0.26	0.874	0.382
"RC.C:compatible.C:Item232_Critical_28"	-0.741	0.26	-2.848	0.004
"RC.C:compatible.C:Item232_Critical_3"	0.244	0.26	0.94	0.347
"RC.C:compatible.C:Item232_Critical_30"	0.393	0.26	1.512	0.13
"RC.C:compatible.C:Item232_Critical_4"	-0.814	0.26	-3.13	0.002
"RC.C:compatible.C:Item232_Critical_5"	-0.728	0.26	-2.799	0.005
"RC.C:compatible.C:Item232_Critical_6"	-0.54	0.26	-2.078	0.038
"RC.C:compatible.C:Item232_Critical_7"	-0.16	0.26	-0.616	0.538
"RC.C:compatible.C:Item232_Critical_8"	-0.593	0.26	-2.279	0.023
"RC.C:compatible.C:Item232_Critical_9"	-0.238	0.26	-0.917	0.359
"RC.C:compatible.C:Item238_Critical_Vadv2"	0.342	0.26	1.314	0.189
"RC.C:compatible.C:Item238_Critical_Vadv3"	-0.531	0.26	-2.044	0.041
"RC.C:compatible.C:Item238_Critical_Vadv5"	-0.027	0.26	-0.105	0.917
"RC.C:compatible.C:Item238_Critical_Vadv6"	-0.598	0.26	-2.3	0.021
"RC.C:compatible.C:Item238_Critical_Vadv7"	-0.807	0.26	-3.102	0.002
"RC.C:compatible.C:Item238_Critical_Vadv8"	0.041	0.26	0.158	0.874
"RC.C:compatible.C:Item238_Critical_Vadv9"	-1.375	0.26	-5.289	0
"RC.C:compatible.C:Item238_Critical_VN1"	-0.371	0.26	-1.428	0.153
"RC.C:compatible.C:Item238_Critical_VN2"	-0.833	0.26	-3.203	0.001
"RC.C:compatible.C:Item238_Critical_VN3"	0.123	0.26	0.473	0.636
"RC.C:compatible.C:Item238_Critical_VN5"	0.062	0.26	0.238	0.811
"RC.C:compatible.C:ItemCritical_6"	-0.145	0.26	-0.559	0.576
"RC.C:Item232_Critical_29:EmbBias.C"	-0.048	0.119	-0.403	0.687
"RC.C:Item232_Critical_31:EmbBias.C"	-0.088	0.119	-0.74	0.459
"RC.C:ItemCritical_0:EmbBias.C"	-0.109	0.119	-0.913	0.361
"RC.C:ItemCritical_1:EmbBias.C"	-0.081	0.119	-0.683	0.495
"RC.C:ItemCritical_10:EmbBias.C"	-0.144	0.119	-1.208	0.227
"RC.C:ItemCritical_11:EmbBias.C"	0.638	0.119	5.361	0
"RC.C:ItemCritical_12:EmbBias.C"	0.369	0.119	3.102	0.002
"RC.C:ItemCritical_13:EmbBias.C"	0.431	0.119	3.62	0
"RC.C:ItemCritical_14:EmbBias.C"	0.399	0.119	3.351	0.001
"RC.C:ItemCritical_15:EmbBias.C"	-0.182	0.119	-1.528	0.127
"RC.C:ItemCritical_16:EmbBias.C"	0.302	0.119	2.539	0.011
"RC.C:ItemCritical_17:EmbBias.C"	0.35	0.119	2.946	0.003
"RC.C:ItemCritical_18:EmbBias.C"	0.189	0.119	1.587	0.113
"RC.C:ItemCritical_19:EmbBias.C"	0.406	0.119	3.414	0.001
"RC.C:ItemCritical_2:EmbBias.C"	0.005	0.119	0.043	0.965
"RC.C:ItemCritical_20:EmbBias.C"	0.374	0.119	3.141	0.002
"RC.C:ItemCritical_21:EmbBias.C"	0.369	0.119	3.099	0.002
"RC.C:ItemCritical_22:EmbBias.C"	0.37	0.119	3.109	0.002
"RC.C:ItemCritical_23:EmbBias.C"	-0.017	0.119	-0.147	0.883
"RC.C:ItemCritical_24:EmbBias.C"	-0.04	0.119	-0.334	0.738
"RC.C:ItemCritical_25:EmbBias.C"	-0.171	0.119	-1.435	0.151
"RC.C:ItemCritical_26:EmbBias.C"	0.016	0.119	0.132	0.895
"RC.C:ItemCritical_27:EmbBias.C"	-0.091	0.119	-0.764	0.445
"RC.C:ItemCritical_28:EmbBias.C"	0.003	0.119	0.027	0.978
"RC.C:ItemCritical_29:EmbBias.C"	0.062	0.119	0.52	0.603
"RC.C:ItemCritical_3:EmbBias.C"	0.423	0.119	3.559	0
"RC.C:ItemCritical_30:EmbBias.C"	-0.075	0.119	-0.632	0.527
"RC.C:ItemCritical_31:EmbBias.C"	0.009	0.119	0.08	0.936
"RC.C:ItemCritical_32:EmbBias.C"	-0.104	0.119	-0.876	0.381
"RC.C:ItemCritical_33:EmbBias.C"	-0.02	0.119	-0.168	0.866
"RC.C:ItemCritical_34:EmbBias.C"	-0.1	0.119	-0.842	0.4
"RC.C:ItemCritical_35:EmbBias.C"	-0.059	0.119	-0.5	0.617
"RC.C:ItemCritical_36:EmbBias.C"	-0.169	0.119	-1.419	0.156
"RC.C:ItemCritical_4:EmbBias.C"	-0.381	0.119	-3.202	0.001
"RC.C:ItemCritical_5:EmbBias.C"	0.228	0.119	1.916	0.055
"RC.C:ItemCritical_7:EmbBias.C"	-0.113	0.119	-0.948	0.343
"RC.C:ItemCritical_8:EmbBias.C"	0.187	0.119	1.575	0.115
"RC.C:ItemCritical_9:EmbBias.C"	0.397	0.119	3.339	0.001
"RC.C:ItemMixed_1:EmbBias.C"	0.237	0.119	1.997	0.046
"RC.C:ItemMixed_11:EmbBias.C"	0.057	0.119	0.481	0.631
"RC.C:ItemMixed_12:EmbBias.C"	0.205	0.119	1.727	0.084
"RC.C:ItemMixed_13:EmbBias.C"	-0.143	0.119	-1.203	0.229
"RC.C:ItemMixed_14:EmbBias.C"	0.107	0.119	0.902	0.367
"RC.C:ItemMixed_15:EmbBias.C"	0.204	0.119	1.717	0.086
"RC.C:ItemMixed_16:EmbBias.C"	0.189	0.119	1.59	0.112
"RC.C:ItemMixed_17:EmbBias.C"	-0.13	0.119	-1.092	0.275
"RC.C:ItemMixed_18:EmbBias.C"	-0.364	0.119	-3.062	0.002
"RC.C:ItemMixed_19:EmbBias.C"	0.386	0.119	3.249	0.001
"RC.C:ItemMixed_2:EmbBias.C"	0.111	0.119	0.935	0.35
"RC.C:ItemMixed_21:EmbBias.C"	0.415	0.119	3.491	0
"RC.C:ItemMixed_22:EmbBias.C"	-0.092	0.119	-0.775	0.438
"RC.C:ItemMixed_23:EmbBias.C"	0.315	0.119	2.649	0.008
"RC.C:ItemMixed_24:EmbBias.C"	-0.191	0.119	-1.606	0.108
"RC.C:ItemMixed_25:EmbBias.C"	0.017	0.119	0.145	0.884
"RC.C:ItemMixed_26:EmbBias.C"	-0.083	0.119	-0.7	0.484
"RC.C:ItemMixed_27:EmbBias.C"	-0.039	0.119	-0.331	0.74
"RC.C:ItemMixed_28:EmbBias.C"	0.341	0.119	2.863	0.004
"RC.C:ItemMixed_29:EmbBias.C"	-0.142	0.119	-1.19	0.234
"RC.C:ItemMixed_3:EmbBias.C"	0.394	0.119	3.311	0.001
"RC.C:ItemMixed_30:EmbBias.C"	0.318	0.119	2.669	0.008
"RC.C:ItemMixed_31:EmbBias.C"	-0.013	0.119	-0.107	0.915
"RC.C:ItemMixed_32:EmbBias.C"	0.063	0.119	0.527	0.598
"RC.C:ItemMixed_33:EmbBias.C"	0.113	0.119	0.951	0.342
"RC.C:ItemMixed_34:EmbBias.C"	-0.068	0.119	-0.568	0.57
"RC.C:ItemMixed_35:EmbBias.C"	0.015	0.119	0.127	0.899
"RC.C:ItemMixed_36:EmbBias.C"	0.102	0.119	0.858	0.391
"RC.C:ItemMixed_37:EmbBias.C"	0.155	0.119	1.3	0.194
"RC.C:ItemMixed_38:EmbBias.C"	0.404	0.119	3.4	0.001
"RC.C:ItemMixed_39:EmbBias.C"	0.443	0.119	3.727	0
"RC.C:ItemMixed_4:EmbBias.C"	-0.166	0.119	-1.397	0.162
"RC.C:ItemMixed_40:EmbBias.C"	0.106	0.119	0.893	0.372
"RC.C:ItemMixed_41:EmbBias.C"	-0.25	0.119	-2.098	0.036
"RC.C:ItemMixed_42:EmbBias.C"	0.444	0.119	3.733	0
"RC.C:ItemMixed_43:EmbBias.C"	0.067	0.119	0.564	0.573
"RC.C:ItemMixed_5:EmbBias.C"	0.142	0.119	1.191	0.234
"RC.C:ItemMixed_6:EmbBias.C"	0.197	0.119	1.66	0.097
"RC.C:ItemMixed_7:EmbBias.C"	-0.211	0.119	-1.777	0.076
"RC.C:ItemMixed_8:EmbBias.C"	0.02	0.119	0.172	0.864
"RC.C:ItemMixed_9:EmbBias.C"	-0.181	0.119	-1.52	0.129
"RC.C:Item232_Critical_0:EmbBias.C"	-0.027	0.119	-0.231	0.817
"RC.C:Item232_Critical_1:EmbBias.C"	-0.011	0.119	-0.094	0.925
"RC.C:Item232_Critical_10:EmbBias.C"	-0.066	0.119	-0.557	0.577
"RC.C:Item232_Critical_11:EmbBias.C"	0.056	0.119	0.474	0.636
"RC.C:Item232_Critical_12:EmbBias.C"	-0.012	0.119	-0.103	0.918
"RC.C:Item232_Critical_13:EmbBias.C"	-0.048	0.119	-0.407	0.684
"RC.C:Item232_Critical_14:EmbBias.C"	-0.062	0.119	-0.517	0.605
"RC.C:Item232_Critical_15:EmbBias.C"	0.082	0.119	0.69	0.49
"RC.C:Item232_Critical_16:EmbBias.C"	0.003	0.119	0.028	0.977
"RC.C:Item232_Critical_17:EmbBias.C"	0.185	0.119	1.557	0.12
"RC.C:Item232_Critical_18:EmbBias.C"	-0.102	0.119	-0.859	0.39
"RC.C:Item232_Critical_19:EmbBias.C"	-0.043	0.119	-0.363	0.717
"RC.C:Item232_Critical_2:EmbBias.C"	0.016	0.119	0.135	0.893
"RC.C:Item232_Critical_20:EmbBias.C"	-0.013	0.119	-0.111	0.912
"RC.C:Item232_Critical_21:EmbBias.C"	-0.001	0.119	-0.006	0.995
"RC.C:Item232_Critical_23:EmbBias.C"	-0.056	0.119	-0.475	0.635
"RC.C:Item232_Critical_24:EmbBias.C"	0.062	0.119	0.524	0.6
"RC.C:Item232_Critical_25:EmbBias.C"	0.019	0.119	0.16	0.873
"RC.C:Item232_Critical_26:EmbBias.C"	0.136	0.119	1.143	0.253
"RC.C:Item232_Critical_27:EmbBias.C"	-0.027	0.119	-0.23	0.818
"RC.C:Item232_Critical_28:EmbBias.C"	-0.016	0.119	-0.137	0.891
"RC.C:Item232_Critical_3:EmbBias.C"	-0.088	0.119	-0.739	0.46
"RC.C:Item232_Critical_30:EmbBias.C"	0.134	0.119	1.13	0.258
"RC.C:Item232_Critical_4:EmbBias.C"	-0.004	0.119	-0.034	0.973
"RC.C:Item232_Critical_5:EmbBias.C"	0.064	0.119	0.534	0.593
"RC.C:Item232_Critical_6:EmbBias.C"	-0.024	0.119	-0.206	0.837
"RC.C:Item232_Critical_7:EmbBias.C"	0.075	0.119	0.634	0.526
"RC.C:Item232_Critical_8:EmbBias.C"	-0.085	0.119	-0.713	0.476
"RC.C:Item232_Critical_9:EmbBias.C"	-0.069	0.119	-0.581	0.561
"RC.C:Item238_Critical_Vadv1:EmbBias.C"	0.138	0.146	0.949	0.343
"RC.C:Item238_Critical_VAdv1:EmbBias.C"	0.005	0.146	0.034	0.973
"RC.C:Item238_Critical_Vadv2:EmbBias.C"	0.036	0.119	0.304	0.761
"RC.C:Item238_Critical_Vadv3:EmbBias.C"	0.14	0.119	1.178	0.239
"RC.C:Item238_Critical_Vadv5:EmbBias.C"	0.044	0.119	0.368	0.713
"RC.C:Item238_Critical_Vadv6:EmbBias.C"	0.079	0.119	0.666	0.506
"RC.C:Item238_Critical_Vadv7:EmbBias.C"	0.113	0.119	0.951	0.342
"RC.C:Item238_Critical_Vadv8:EmbBias.C"	0.36	0.119	3.03	0.002
"RC.C:Item238_Critical_Vadv9:EmbBias.C"	0.031	0.119	0.259	0.795
"RC.C:Item238_Critical_VN1:EmbBias.C"	0.03	0.119	0.248	0.804
"RC.C:Item238_Critical_VN2:EmbBias.C"	0.165	0.119	1.388	0.165
"RC.C:Item238_Critical_VN3:EmbBias.C"	-0.054	0.119	-0.452	0.651
"RC.C:Item238_Critical_VN5:EmbBias.C"	0.117	0.119	0.984	0.325
"RC.C:ItemCritical_6:EmbBias.C"	-0.007	0.119	-0.055	0.956
"compatible.C:Item232_Critical_29:EmbBias.C"	-0.017	0.119	-0.14	0.888
"compatible.C:Item232_Critical_31:EmbBias.C"	-0.061	0.119	-0.511	0.609
"compatible.C:ItemCritical_0:EmbBias.C"	-0.156	0.119	-1.314	0.189
"compatible.C:ItemCritical_1:EmbBias.C"	-0.073	0.119	-0.616	0.538
"compatible.C:ItemCritical_10:EmbBias.C"	-0.063	0.119	-0.526	0.599
"compatible.C:ItemCritical_11:EmbBias.C"	-0.159	0.119	-1.341	0.18
"compatible.C:ItemCritical_12:EmbBias.C"	-0.125	0.119	-1.054	0.292
"compatible.C:ItemCritical_13:EmbBias.C"	-0.154	0.119	-1.291	0.197
"compatible.C:ItemCritical_14:EmbBias.C"	-0.046	0.119	-0.389	0.697
"compatible.C:ItemCritical_15:EmbBias.C"	0.04	0.119	0.336	0.737
"compatible.C:ItemCritical_16:EmbBias.C"	0.107	0.119	0.9	0.368
"compatible.C:ItemCritical_17:EmbBias.C"	-0.005	0.119	-0.046	0.964
"compatible.C:ItemCritical_18:EmbBias.C"	-0.16	0.119	-1.341	0.18
"compatible.C:ItemCritical_19:EmbBias.C"	0.143	0.119	1.202	0.229
"compatible.C:ItemCritical_2:EmbBias.C"	0.026	0.119	0.22	0.826
"compatible.C:ItemCritical_20:EmbBias.C"	0.081	0.119	0.681	0.496
"compatible.C:ItemCritical_21:EmbBias.C"	-0.217	0.119	-1.823	0.068
"compatible.C:ItemCritical_22:EmbBias.C"	0.05	0.119	0.416	0.677
"compatible.C:ItemCritical_23:EmbBias.C"	0.054	0.119	0.453	0.65
"compatible.C:ItemCritical_24:EmbBias.C"	-0.11	0.119	-0.924	0.356
"compatible.C:ItemCritical_25:EmbBias.C"	-0.139	0.119	-1.166	0.244
"compatible.C:ItemCritical_26:EmbBias.C"	0.093	0.119	0.78	0.436
"compatible.C:ItemCritical_27:EmbBias.C"	0.043	0.119	0.358	0.721
"compatible.C:ItemCritical_28:EmbBias.C"	0.033	0.119	0.281	0.778
"compatible.C:ItemCritical_29:EmbBias.C"	-0.075	0.119	-0.629	0.529
"compatible.C:ItemCritical_3:EmbBias.C"	-0.005	0.119	-0.044	0.965
"compatible.C:ItemCritical_30:EmbBias.C"	-0.035	0.119	-0.293	0.769
"compatible.C:ItemCritical_31:EmbBias.C"	0.084	0.119	0.708	0.479
"compatible.C:ItemCritical_32:EmbBias.C"	-0.042	0.119	-0.353	0.724
"compatible.C:ItemCritical_33:EmbBias.C"	-0.057	0.119	-0.476	0.634
"compatible.C:ItemCritical_34:EmbBias.C"	-0.022	0.119	-0.188	0.851
"compatible.C:ItemCritical_35:EmbBias.C"	0.013	0.119	0.108	0.914
"compatible.C:ItemCritical_36:EmbBias.C"	0.06	0.119	0.505	0.613
"compatible.C:ItemCritical_4:EmbBias.C"	-0.008	0.119	-0.064	0.949
"compatible.C:ItemCritical_5:EmbBias.C"	0.02	0.119	0.17	0.865
"compatible.C:ItemCritical_7:EmbBias.C"	-0.118	0.119	-0.994	0.32
"compatible.C:ItemCritical_8:EmbBias.C"	-0.222	0.119	-1.862	0.063
"compatible.C:ItemCritical_9:EmbBias.C"	-0.159	0.119	-1.335	0.182
"compatible.C:ItemMixed_1:EmbBias.C"	-0.147	0.119	-1.237	0.216
"compatible.C:ItemMixed_11:EmbBias.C"	0.047	0.119	0.392	0.695
"compatible.C:ItemMixed_12:EmbBias.C"	0.01	0.119	0.08	0.936
"compatible.C:ItemMixed_13:EmbBias.C"	-0.061	0.119	-0.512	0.609
"compatible.C:ItemMixed_14:EmbBias.C"	-0.169	0.119	-1.419	0.156
"compatible.C:ItemMixed_15:EmbBias.C"	0.016	0.119	0.137	0.891
"compatible.C:ItemMixed_16:EmbBias.C"	0.001	0.119	0.008	0.994
"compatible.C:ItemMixed_17:EmbBias.C"	-0.029	0.119	-0.243	0.808
"compatible.C:ItemMixed_18:EmbBias.C"	-0.009	0.119	-0.079	0.937
"compatible.C:ItemMixed_19:EmbBias.C"	-0.221	0.119	-1.856	0.063
"compatible.C:ItemMixed_2:EmbBias.C"	-0.189	0.119	-1.587	0.113
"compatible.C:ItemMixed_21:EmbBias.C"	-0.106	0.119	-0.893	0.372
"compatible.C:ItemMixed_22:EmbBias.C"	-0.029	0.119	-0.246	0.806
"compatible.C:ItemMixed_23:EmbBias.C"	-0.174	0.119	-1.464	0.143
"compatible.C:ItemMixed_24:EmbBias.C"	-0.027	0.119	-0.224	0.823
"compatible.C:ItemMixed_25:EmbBias.C"	-0.148	0.119	-1.242	0.214
"compatible.C:ItemMixed_26:EmbBias.C"	0.03	0.119	0.251	0.802
"compatible.C:ItemMixed_27:EmbBias.C"	0.01	0.119	0.081	0.935
"compatible.C:ItemMixed_28:EmbBias.C"	-0.111	0.119	-0.936	0.349
"compatible.C:ItemMixed_29:EmbBias.C"	-0.098	0.119	-0.825	0.409
"compatible.C:ItemMixed_3:EmbBias.C"	-0.21	0.119	-1.766	0.077
"compatible.C:ItemMixed_30:EmbBias.C"	-0.146	0.119	-1.231	0.218
"compatible.C:ItemMixed_31:EmbBias.C"	0.177	0.119	1.487	0.137
"compatible.C:ItemMixed_32:EmbBias.C"	0.165	0.119	1.389	0.165
"compatible.C:ItemMixed_33:EmbBias.C"	-0.332	0.119	-2.792	0.005
"compatible.C:ItemMixed_34:EmbBias.C"	0.007	0.119	0.058	0.954
"compatible.C:ItemMixed_35:EmbBias.C"	0.013	0.119	0.106	0.916
"compatible.C:ItemMixed_36:EmbBias.C"	-0.002	0.119	-0.016	0.988
"compatible.C:ItemMixed_37:EmbBias.C"	-0.126	0.119	-1.06	0.289
"compatible.C:ItemMixed_38:EmbBias.C"	-0.066	0.119	-0.554	0.58
"compatible.C:ItemMixed_39:EmbBias.C"	-0.005	0.119	-0.04	0.968
"compatible.C:ItemMixed_4:EmbBias.C"	-0.137	0.119	-1.15	0.25
"compatible.C:ItemMixed_40:EmbBias.C"	-0.074	0.119	-0.619	0.536
"compatible.C:ItemMixed_41:EmbBias.C"	-0.101	0.119	-0.847	0.397
"compatible.C:ItemMixed_42:EmbBias.C"	-0.078	0.119	-0.656	0.512
"compatible.C:ItemMixed_43:EmbBias.C"	0.113	0.119	0.954	0.34
"compatible.C:ItemMixed_5:EmbBias.C"	0.081	0.119	0.678	0.498
"compatible.C:ItemMixed_6:EmbBias.C"	-0.276	0.119	-2.318	0.02
"compatible.C:ItemMixed_7:EmbBias.C"	-0.057	0.119	-0.476	0.634
"compatible.C:ItemMixed_8:EmbBias.C"	0.071	0.119	0.6	0.549
"compatible.C:ItemMixed_9:EmbBias.C"	-0.045	0.119	-0.379	0.704
"compatible.C:Item232_Critical_0:EmbBias.C"	0	0.119	0	1
"compatible.C:Item232_Critical_1:EmbBias.C"	0.031	0.119	0.264	0.792
"compatible.C:Item232_Critical_10:EmbBias.C"	-0.042	0.119	-0.357	0.721
"compatible.C:Item232_Critical_11:EmbBias.C"	-0.032	0.119	-0.267	0.789
"compatible.C:Item232_Critical_12:EmbBias.C"	-0.067	0.119	-0.564	0.573
"compatible.C:Item232_Critical_13:EmbBias.C"	-0.024	0.119	-0.2	0.841
"compatible.C:Item232_Critical_14:EmbBias.C"	-0.055	0.119	-0.466	0.641
"compatible.C:Item232_Critical_15:EmbBias.C"	0.031	0.119	0.258	0.796
"compatible.C:Item232_Critical_16:EmbBias.C"	-0.063	0.119	-0.526	0.599
"compatible.C:Item232_Critical_17:EmbBias.C"	-0.056	0.119	-0.469	0.639
"compatible.C:Item232_Critical_18:EmbBias.C"	-0.025	0.119	-0.21	0.834
"compatible.C:Item232_Critical_19:EmbBias.C"	0.146	0.119	1.227	0.22
"compatible.C:Item232_Critical_2:EmbBias.C"	0.023	0.119	0.196	0.845
"compatible.C:Item232_Critical_20:EmbBias.C"	-0.105	0.119	-0.884	0.377
"compatible.C:Item232_Critical_21:EmbBias.C"	0.018	0.119	0.152	0.879
"compatible.C:Item232_Critical_23:EmbBias.C"	-0.033	0.119	-0.274	0.784
"compatible.C:Item232_Critical_24:EmbBias.C"	-0.021	0.119	-0.176	0.86
"compatible.C:Item232_Critical_25:EmbBias.C"	0.016	0.119	0.132	0.895
"compatible.C:Item232_Critical_26:EmbBias.C"	-0.002	0.119	-0.018	0.986
"compatible.C:Item232_Critical_27:EmbBias.C"	0.021	0.119	0.177	0.859
"compatible.C:Item232_Critical_28:EmbBias.C"	0.002	0.119	0.02	0.984
"compatible.C:Item232_Critical_3:EmbBias.C"	-0.02	0.119	-0.172	0.863
"compatible.C:Item232_Critical_30:EmbBias.C"	0.024	0.119	0.2	0.842
"compatible.C:Item232_Critical_4:EmbBias.C"	0.053	0.119	0.448	0.654
"compatible.C:Item232_Critical_5:EmbBias.C"	-0.021	0.119	-0.174	0.862
"compatible.C:Item232_Critical_6:EmbBias.C"	0.036	0.119	0.299	0.765
"compatible.C:Item232_Critical_7:EmbBias.C"	0.104	0.119	0.878	0.38
"compatible.C:Item232_Critical_8:EmbBias.C"	-0.03	0.119	-0.254	0.799
"compatible.C:Item232_Critical_9:EmbBias.C"	0.103	0.119	0.867	0.386
"compatible.C:Item238_Critical_Vadv1:EmbBias.C"	0.286	0.291	0.983	0.325
"compatible.C:Item238_Critical_VAdv1:EmbBias.C"	-0.147	0.291	-0.505	0.614
"compatible.C:Item238_Critical_Vadv2:EmbBias.C"	-0.032	0.119	-0.268	0.789
"compatible.C:Item238_Critical_Vadv3:EmbBias.C"	0.024	0.119	0.205	0.838
"compatible.C:Item238_Critical_Vadv5:EmbBias.C"	-0.01	0.119	-0.086	0.931
"compatible.C:Item238_Critical_Vadv6:EmbBias.C"	-0.031	0.119	-0.259	0.796
"compatible.C:Item238_Critical_Vadv7:EmbBias.C"	-0.048	0.119	-0.407	0.684
"compatible.C:Item238_Critical_Vadv8:EmbBias.C"	-0.093	0.119	-0.778	0.436
"compatible.C:Item238_Critical_Vadv9:EmbBias.C"	-0.095	0.119	-0.797	0.426
"compatible.C:Item238_Critical_VN1:EmbBias.C"	0.058	0.119	0.49	0.624
"compatible.C:Item238_Critical_VN2:EmbBias.C"	0.003	0.119	0.021	0.983
"compatible.C:Item238_Critical_VN3:EmbBias.C"	-0.013	0.119	-0.108	0.914
"compatible.C:Item238_Critical_VN5:EmbBias.C"	-0.107	0.119	-0.9	0.368
"compatible.C:ItemCritical_6:EmbBias.C"	-0.029	0.119	-0.243	0.808
"Item232_Critical_29:EmbBias.C:SC.C"	0.142	0.133	1.071	0.284
"Item232_Critical_31:EmbBias.C:SC.C"	-0.175	0.133	-1.314	0.189
"ItemCritical_0:EmbBias.C:SC.C"	-0.33	0.133	-2.484	0.013
"ItemCritical_1:EmbBias.C:SC.C"	-0.396	0.133	-2.979	0.003
"ItemCritical_10:EmbBias.C:SC.C"	-0.513	0.133	-3.861	0
"ItemCritical_11:EmbBias.C:SC.C"	-0.609	0.133	-4.576	0
"ItemCritical_12:EmbBias.C:SC.C"	-0.636	0.133	-4.783	0
"ItemCritical_13:EmbBias.C:SC.C"	-0.821	0.133	-6.172	0
"ItemCritical_14:EmbBias.C:SC.C"	-0.597	0.133	-4.488	0
"ItemCritical_15:EmbBias.C:SC.C"	-0.402	0.133	-3.025	0.002
"ItemCritical_16:EmbBias.C:SC.C"	-0.507	0.133	-3.814	0
"ItemCritical_17:EmbBias.C:SC.C"	-0.561	0.133	-4.219	0
"ItemCritical_18:EmbBias.C:SC.C"	-0.301	0.133	-2.265	0.023
"ItemCritical_19:EmbBias.C:SC.C"	-0.713	0.133	-5.363	0
"ItemCritical_2:EmbBias.C:SC.C"	0.036	0.133	0.27	0.787
"ItemCritical_20:EmbBias.C:SC.C"	-0.217	0.133	-1.629	0.103
"ItemCritical_21:EmbBias.C:SC.C"	-0.709	0.133	-5.328	0
"ItemCritical_22:EmbBias.C:SC.C"	-0.25	0.133	-1.883	0.06
"ItemCritical_23:EmbBias.C:SC.C"	-0.439	0.133	-3.301	0.001
"ItemCritical_24:EmbBias.C:SC.C"	-0.425	0.133	-3.194	0.001
"ItemCritical_25:EmbBias.C:SC.C"	-0.455	0.133	-3.418	0.001
"ItemCritical_26:EmbBias.C:SC.C"	-0.1	0.133	-0.753	0.451
"ItemCritical_27:EmbBias.C:SC.C"	-0.574	0.133	-4.313	0
"ItemCritical_28:EmbBias.C:SC.C"	-0.196	0.133	-1.47	0.142
"ItemCritical_29:EmbBias.C:SC.C"	-0.21	0.133	-1.582	0.114
"ItemCritical_3:EmbBias.C:SC.C"	-0.622	0.133	-4.679	0
"ItemCritical_30:EmbBias.C:SC.C"	-0.327	0.133	-2.458	0.014
"ItemCritical_31:EmbBias.C:SC.C"	-0.151	0.133	-1.132	0.258
"ItemCritical_32:EmbBias.C:SC.C"	-0.113	0.133	-0.85	0.395
"ItemCritical_33:EmbBias.C:SC.C"	-0.005	0.133	-0.034	0.973
"ItemCritical_34:EmbBias.C:SC.C"	-0.311	0.133	-2.342	0.019
"ItemCritical_35:EmbBias.C:SC.C"	-0.144	0.133	-1.086	0.277
"ItemCritical_36:EmbBias.C:SC.C"	-0.141	0.133	-1.06	0.289
"ItemCritical_4:EmbBias.C:SC.C"	-0.456	0.133	-3.428	0.001
"ItemCritical_5:EmbBias.C:SC.C"	-0.476	0.133	-3.578	0
"ItemCritical_7:EmbBias.C:SC.C"	-0.473	0.133	-3.559	0
"ItemCritical_8:EmbBias.C:SC.C"	-0.541	0.133	-4.066	0
"ItemCritical_9:EmbBias.C:SC.C"	-0.565	0.133	-4.252	0
"ItemMixed_1:EmbBias.C:SC.C"	-0.202	0.133	-1.519	0.129
"ItemMixed_11:EmbBias.C:SC.C"	-0.422	0.133	-3.175	0.001
"ItemMixed_12:EmbBias.C:SC.C"	-0.511	0.133	-3.839	0
"ItemMixed_13:EmbBias.C:SC.C"	-0.109	0.133	-0.821	0.412
"ItemMixed_14:EmbBias.C:SC.C"	-0.286	0.133	-2.151	0.031
"ItemMixed_15:EmbBias.C:SC.C"	-0.25	0.133	-1.881	0.06
"ItemMixed_16:EmbBias.C:SC.C"	0.105	0.133	0.791	0.429
"ItemMixed_17:EmbBias.C:SC.C"	-0.414	0.133	-3.11	0.002
"ItemMixed_18:EmbBias.C:SC.C"	-0.404	0.133	-3.04	0.002
"ItemMixed_19:EmbBias.C:SC.C"	-0.154	0.133	-1.155	0.248
"ItemMixed_2:EmbBias.C:SC.C"	-0.277	0.133	-2.08	0.037
"ItemMixed_21:EmbBias.C:SC.C"	-0.573	0.133	-4.311	0
"ItemMixed_22:EmbBias.C:SC.C"	0.07	0.133	0.527	0.598
"ItemMixed_23:EmbBias.C:SC.C"	-0.618	0.133	-4.645	0
"ItemMixed_24:EmbBias.C:SC.C"	-0.368	0.133	-2.764	0.006
"ItemMixed_25:EmbBias.C:SC.C"	-0.226	0.133	-1.698	0.09
"ItemMixed_26:EmbBias.C:SC.C"	-0.362	0.133	-2.724	0.006
"ItemMixed_27:EmbBias.C:SC.C"	-0.567	0.133	-4.267	0
"ItemMixed_28:EmbBias.C:SC.C"	-0.555	0.133	-4.175	0
"ItemMixed_29:EmbBias.C:SC.C"	-0.4	0.133	-3.012	0.003
"ItemMixed_3:EmbBias.C:SC.C"	-0.845	0.133	-6.351	0
"ItemMixed_30:EmbBias.C:SC.C"	-0.778	0.133	-5.85	0
"ItemMixed_31:EmbBias.C:SC.C"	-0.202	0.133	-1.523	0.128
"ItemMixed_32:EmbBias.C:SC.C"	-0.29	0.133	-2.182	0.029
"ItemMixed_33:EmbBias.C:SC.C"	-0.326	0.133	-2.45	0.014
"ItemMixed_34:EmbBias.C:SC.C"	-0.338	0.133	-2.545	0.011
"ItemMixed_35:EmbBias.C:SC.C"	-0.17	0.133	-1.276	0.202
"ItemMixed_36:EmbBias.C:SC.C"	-0.406	0.133	-3.051	0.002
"ItemMixed_37:EmbBias.C:SC.C"	-0.59	0.133	-4.439	0
"ItemMixed_38:EmbBias.C:SC.C"	-0.202	0.133	-1.519	0.129
"ItemMixed_39:EmbBias.C:SC.C"	-0.529	0.133	-3.981	0
"ItemMixed_4:EmbBias.C:SC.C"	-0.449	0.133	-3.374	0.001
"ItemMixed_40:EmbBias.C:SC.C"	-0.842	0.133	-6.335	0
"ItemMixed_41:EmbBias.C:SC.C"	-0.076	0.133	-0.569	0.57
"ItemMixed_42:EmbBias.C:SC.C"	-0.31	0.133	-2.335	0.02
"ItemMixed_43:EmbBias.C:SC.C"	-0.274	0.133	-2.06	0.039
"ItemMixed_5:EmbBias.C:SC.C"	-0.382	0.133	-2.876	0.004
"ItemMixed_6:EmbBias.C:SC.C"	-0.288	0.133	-2.164	0.03
"ItemMixed_7:EmbBias.C:SC.C"	-0.489	0.133	-3.679	0
"ItemMixed_8:EmbBias.C:SC.C"	-0.633	0.133	-4.76	0
"ItemMixed_9:EmbBias.C:SC.C"	-0.477	0.133	-3.585	0
"Item232_Critical_0:EmbBias.C:SC.C"	-0.353	0.133	-2.656	0.008
"Item232_Critical_1:EmbBias.C:SC.C"	-0.085	0.133	-0.641	0.522
"Item232_Critical_10:EmbBias.C:SC.C"	-0.324	0.133	-2.434	0.015
"Item232_Critical_11:EmbBias.C:SC.C"	-0.551	0.133	-4.147	0
"Item232_Critical_12:EmbBias.C:SC.C"	-0.046	0.133	-0.346	0.729
"Item232_Critical_13:EmbBias.C:SC.C"	-0.089	0.133	-0.67	0.503
"Item232_Critical_14:EmbBias.C:SC.C"	-0.388	0.133	-2.92	0.004
"Item232_Critical_15:EmbBias.C:SC.C"	-0.449	0.133	-3.374	0.001
"Item232_Critical_16:EmbBias.C:SC.C"	-0.07	0.133	-0.527	0.598
"Item232_Critical_17:EmbBias.C:SC.C"	-0.486	0.133	-3.656	0
"Item232_Critical_18:EmbBias.C:SC.C"	-0.341	0.133	-2.561	0.01
"Item232_Critical_19:EmbBias.C:SC.C"	-0.031	0.133	-0.232	0.817
"Item232_Critical_2:EmbBias.C:SC.C"	-0.304	0.133	-2.286	0.022
"Item232_Critical_20:EmbBias.C:SC.C"	-0.208	0.133	-1.564	0.118
"Item232_Critical_21:EmbBias.C:SC.C"	-0.261	0.133	-1.963	0.05
"Item232_Critical_23:EmbBias.C:SC.C"	-0.116	0.133	-0.869	0.385
"Item232_Critical_24:EmbBias.C:SC.C"	-0.39	0.133	-2.936	0.003
"Item232_Critical_25:EmbBias.C:SC.C"	-0.287	0.133	-2.158	0.031
"Item232_Critical_26:EmbBias.C:SC.C"	-0.471	0.133	-3.541	0
"Item232_Critical_27:EmbBias.C:SC.C"	0.082	0.133	0.619	0.536
"Item232_Critical_28:EmbBias.C:SC.C"	-0.381	0.133	-2.861	0.004
"Item232_Critical_3:EmbBias.C:SC.C"	-0.416	0.133	-3.126	0.002
"Item232_Critical_30:EmbBias.C:SC.C"	-0.413	0.133	-3.107	0.002
"Item232_Critical_4:EmbBias.C:SC.C"	-0.099	0.133	-0.741	0.459
"Item232_Critical_5:EmbBias.C:SC.C"	-0.377	0.133	-2.833	0.005
"Item232_Critical_6:EmbBias.C:SC.C"	-0.608	0.133	-4.571	0
"Item232_Critical_7:EmbBias.C:SC.C"	-0.499	0.133	-3.755	0
"Item232_Critical_8:EmbBias.C:SC.C"	0.014	0.133	0.105	0.917
"Item232_Critical_9:EmbBias.C:SC.C"	-0.377	0.133	-2.833	0.005
"Item238_Critical_Vadv2:EmbBias.C:SC.C"	-0.136	0.133	-1.024	0.306
"Item238_Critical_Vadv3:EmbBias.C:SC.C"	-0.475	0.133	-3.574	0
"Item238_Critical_Vadv5:EmbBias.C:SC.C"	-0.402	0.133	-3.025	0.002
"Item238_Critical_Vadv6:EmbBias.C:SC.C"	-0.351	0.133	-2.636	0.008
"Item238_Critical_Vadv7:EmbBias.C:SC.C"	-0.235	0.133	-1.767	0.077
"Item238_Critical_Vadv8:EmbBias.C:SC.C"	-0.514	0.133	-3.866	0
"Item238_Critical_Vadv9:EmbBias.C:SC.C"	-0.135	0.133	-1.014	0.31
"Item238_Critical_VN1:EmbBias.C:SC.C"	-0.334	0.133	-2.508	0.012
"Item238_Critical_VN2:EmbBias.C:SC.C"	-0.158	0.133	-1.185	0.236
"Item238_Critical_VN3:EmbBias.C:SC.C"	-0.041	0.133	-0.309	0.757
"Item238_Critical_VN5:EmbBias.C:SC.C"	-0.305	0.133	-2.293	0.022
"ItemCritical_6:EmbBias.C:SC.C"	-0.402	0.133	-3.021	0.003
